mlbam,Manager,Tm,bbrefID,HOF,Years,First,Last,W,L,W%,Best,Worst,Ejections
427309,Joe Maddon,ANA,maddojo99,FALSE,4,1996,2021,125,138,0.475,4,4,5
117950,Torey Lovullo,ARI,lovulto01,FALSE,5,2017,2021,333,365,0.477,2,5,9
492535,Brian Snitker,ATL,snitkbr99,FALSE,6,2016,2021,433,387,0.528,1,5,14
492493,Brandon Hyde,BAL,hydebr99,FALSE,3,2019,2021,127,247,0.34,4,5,6
133321,Alex Cora,BOS,coraal01,FALSE,3,2018,2021,280,197,0.587,1,3,5
424325,David Ross,CHC,rossda01,FALSE,2,2020,2021,101,111,0.476,1,4,5
117517,Tony La Russa,CHW,larusto01,TRUE,9,1979,2021,607,576,0.513,1,6,30
110816,David Bell,CIN,bellda01,FALSE,3,2019,2021,184,190,0.492,2,4,16
114378,Terry Francona,CLE,francte01,FALSE,9,2013,2021,747,595,0.557,1,3,11
111034,Bud Black,COL,blackbu02,FALSE,5,2017,2021,346,352,0.496,2,4,7
134460,AJ Hinch,DET,hincha.01,FALSE,1,2021,2021,74,78,0.487,3,3,1
118443,Don Mattingly,FLA,mattido01,FALSE,6,2016,2021,371,487,0.432,2,5,15
110481,Dusty Baker,HOU,bakerdu01,FALSE,2,2020,2021,120,92,0.566,1,2,2
118414,Mike Matheny,KCR,mathemi01,FALSE,2,2020,2021,95,117,0.448,4,4,3
150353,Dave Roberts,LAD,roberda07,FALSE,6,2016,2021,533,328,0.619,1,2,9
112736,Craig Counsell,MIL,counscr01,FALSE,7,2015,2021,525,473,0.526,1,4,23
408306,Rocco Baldelli,MIN,baldero01,FALSE,3,2019,2021,204,170,0.545,1,5,6
467588,Luis Rojas,NYM,rojaslu99,FALSE,2,2020,2021,99,113,0.467,3,4,5
111213,Aaron Boone,NYY,booneaa01,FALSE,4,2018,2021,322,215,0.6,1,3,17
118942,Bob Melvin,OAK,melvibo01,FALSE,11,2011,2021,849,758,0.528,1,5,28
114833,Joe Girardi,PHI,girarjo01,FALSE,2,2020,2021,106,106,0.5,2,3,6
486359,Derek Shelton,PIT,sheltde99,FALSE,2,2020,2021,76,135,0.36,5,5,4
461344,Jayce Tingler,SDP,tinglja99,FALSE,2,2020,2021,113,98,0.536,2,3,8
122011,Scott Servais,SEA,servasc01,FALSE,6,2016,2021,431,429,0.501,2,5,15
137002,Gabe Kapler,SFG,kaplega01,FALSE,2,2020,2021,128,84,0.604,1,3,0
492917,Mike Shildt,STL,shildmi99,FALSE,4,2018,2021,244,196,0.555,1,3,9
408211,Kevin Cash,TBD,cashke01,FALSE,7,2015,2021,548,475,0.536,1,5,11
218595,Chris Woodward,TEX,woodwch01,FALSE,3,2019,2021,155,219,0.414,3,5,6
119271,Charlie Montoyo,TOR,montoch01,FALSE,3,2019,2021,184,190,0.492,3,4,4
118363,Dave Martinez,WSN,martida01,FALSE,4,2018,2021,264,272,0.493,2,5,8
121373,Ron Roenicke,BOS,roeniro01,FALSE,1,2020,2020,24,36,0.4,5,5,0
121075,Rick Renteria,CHW,renteri01,FALSE,4,2017,2020,236,309,0.433,2,4,24
118576,Lloyd McClendon,DET,mcclell01,FALSE,1,2020,2020,2,6,0.25,5,5,0
114599,Ron Gardenhire,DET,gardero01,FALSE,3,2018,2020,132,241,0.354,3,5,13
110385,Brad Ausmus,ANA,ausmubr01,FALSE,1,2019,2019,72,90,0.444,4,4,1
427309,Joe Maddon,CHC,maddojo99,FALSE,5,2015,2019,471,339,0.581,1,3,17
134460,AJ Hinch,HOU,hincha.01,FALSE,5,2015,2019,481,329,0.594,1,3,11
124681,Ned Yost,KCR,yostne01,FALSE,10,2010,2019,746,839,0.471,1,5,22
209068,Mickey Callaway,NYM,callami01,FALSE,2,2018,2019,163,161,0.503,3,4,6
137002,Gabe Kapler,PHI,kaplega01,FALSE,2,2018,2019,161,163,0.497,3,4,4
116346,Clint Hurdle,PIT,hurdlcl01,FALSE,9,2011,2019,735,720,0.505,2,5,42
120771,Tom Prince,PIT,princto01,FALSE,1,2019,2019,0,1,0,5,5,0
433477,Andy Green,SDP,greenan01,FALSE,4,2016,2019,274,366,0.428,4,5,12
150148,Rod Barajas,SDP,barajro01,FALSE,1,2019,2019,1,7,0.125,5,5,0
111136,Bruce Bochy,SFG,bochybr01,FALSE,13,2007,2019,1052,1054,0.5,1,5,44
121919,Mike Scioscia,ANA,sciosmi01,FALSE,19,2000,2018,1650,1428,0.536,1,4,47
427469,Buck Showalter,BAL,showabu99,FALSE,9,2010,2018,669,684,0.494,1,5,15
427406,Bryan Price,CIN,pricebr99,FALSE,5,2014,2018,279,387,0.419,4,5,11
427427,Jim Riggleman,CIN,rigglji99,FALSE,1,2018,2018,64,80,0.444,5,5,1
119236,Paul Molitor,MIN,molitpa01,TRUE,4,2015,2018,305,343,0.471,2,5,8
118414,Mike Matheny,STL,mathemi01,FALSE,7,2012,2018,591,474,0.555,1,3,15
123798,Don Wakamatsu,TEX,wakamdo01,FALSE,1,2018,2018,3,7,0.3,5,5,0
110529,Jeff Banister,TEX,banisje01,FALSE,4,2015,2018,325,313,0.509,1,5,16
114744,John Gibbons,TOR,gibbojo02,FALSE,11,2004,2018,793,789,0.501,1,5,53
114023,John Farrell,BOS,farrejo03,FALSE,5,2013,2017,432,378,0.533,1,5,13
110385,Brad Ausmus,DET,ausmubr01,FALSE,4,2014,2017,314,332,0.486,1,5,16
492632,Terry Collins,NYM,collite99,FALSE,7,2011,2017,551,583,0.486,1,4,20
114833,Joe Girardi,NYY,girarjo01,FALSE,10,2008,2017,910,710,0.562,1,4,34
118093,Pete Mackanin,PHI,mackape01,FALSE,3,2015,2017,174,238,0.422,4,5,2
110481,Dusty Baker,WSN,bakerdu01,FALSE,2,2016,2017,192,132,0.593,1,1,1
115330,Chip Hale,ARI,halech01,FALSE,2,2015,2016,148,176,0.457,3,4,5
427190,Fredi Gonzalez,ATL,gonzafr99,FALSE,6,2011,2016,434,413,0.512,1,5,15
123697,Robin Ventura,CHW,venturo01,FALSE,5,2012,2016,375,435,0.463,2,5,15
124054,Walt Weiss,COL,weisswa01,FALSE,4,2013,2016,283,365,0.437,3,5,7
0,Dan Jennings,FLA,jennida99,FALSE,1,2015,2015,55,69,0.444,3,3,3
133226,Mike Redmond,FLA,redmomi01,FALSE,3,2013,2015,155,207,0.428,4,5,7
118443,Don Mattingly,LAD,mattido01,FALSE,5,2011,2015,446,363,0.551,1,3,19
121373,Ron Roenicke,MIL,roeniro01,FALSE,5,2011,2015,342,331,0.508,1,5,10
121665,Ryne Sandberg,PHI,sandbry01,TRUE,3,2013,2015,119,159,0.428,4,5,4
111034,Bud Black,SDP,blackbu02,FALSE,9,2007,2015,649,713,0.477,2,5,25
150353,Dave Roberts,SDP,roberda07,FALSE,1,2015,2015,0,1,0,4,4,0
0,Pat Murphy,SDP,murphpa99,FALSE,1,2015,2015,42,54,0.438,4,4,5
118576,Lloyd McClendon,SEA,mcclell01,FALSE,2,2014,2015,163,161,0.503,3,4,10
124326,Matt Williams,WSN,willima04,FALSE,2,2014,2015,179,145,0.552,1,2,3
123437,Alan Trammell,ARI,trammal01,TRUE,1,2014,2014,1,2,0.333,5,5,0
114752,Kirk Gibson,ARI,gibsoki01,FALSE,5,2010,2014,353,375,0.485,1,5,10
121075,Rick Renteria,CHC,renteri01,FALSE,1,2014,2014,73,89,0.451,5,5,6
216694,Bo Porter,HOU,portebo03,FALSE,2,2013,2014,110,190,0.367,5,5,4
117554,Tom Lawless,HOU,lawleto01,FALSE,1,2014,2014,11,13,0.458,4,4,0
114599,Ron Gardenhire,MIN,gardero01,FALSE,13,2002,2014,1068,1039,0.507,1,5,71
427309,Joe Maddon,TBD,maddojo99,FALSE,9,2006,2014,754,705,0.517,1,5,36
123965,Ron Washington,TEX,washiro01,FALSE,8,2007,2014,664,611,0.521,1,5,15
111148,Tim Bogar,TEX,bogarti01,FALSE,1,2014,2014,14,8,0.636,5,5,0
123011,Dale Sveum,CHC,sveumda01,FALSE,2,2012,2013,127,197,0.392,5,5,10
110481,Dusty Baker,CIN,bakerdu01,FALSE,6,2008,2013,509,463,0.524,1,5,5
492447,Jim Leyland,DET,leylaji99,FALSE,8,2006,2013,700,597,0.54,1,5,30
118261,Charlie Manuel,PHI,manuech01,FALSE,9,2005,2013,780,636,0.551,1,4,41
124029,Eric Wedge,SEA,wedgeer01,FALSE,3,2011,2013,213,273,0.438,4,4,5
116576,Davey Johnson,WSN,johnsda02,FALSE,3,2011,2013,224,183,0.55,1,3,4
123616,Bobby Valentine,BOS,valenbo02,FALSE,1,2012,2012,69,93,0.426,5,5,6
427000,Manny Acta,CLE,actama99,FALSE,3,2010,2012,214,266,0.446,2,5,6
110184,Sandy Alomar,CLE,alomasa02,FALSE,1,2012,2012,3,3,0.5,4,4,0
123432,Jim Tracy,COL,tracyji01,FALSE,4,2009,2012,294,308,0.488,2,5,10
115230,Ozzie Guillen,FLA,guilloz01,FALSE,1,2012,2012,69,93,0.426,5,5,2
119149,Brad Mills,HOU,millsbr01,FALSE,3,2010,2012,171,274,0.384,4,6,7
429728,Tony DeFrancesco,HOU,defrato99,FALSE,1,2012,2012,16,25,0.39,6,6,0
114023,John Farrell,TOR,farrejo03,FALSE,2,2011,2012,154,170,0.475,4,4,5
114378,Terry Francona,BOS,francte01,FALSE,8,2004,2011,744,552,0.574,1,3,25
433641,Mike Quade,CHC,quademi99,FALSE,2,2010,2011,95,104,0.477,5,5,7
112653,Don Cooper,CHW,coopedo01,FALSE,1,2011,2011,1,1,0.5,3,3,0
115230,Ozzie Guillen,CHW,guilloz01,FALSE,8,2004,2011,678,617,0.524,1,4,27
492493,Brandon Hyde,FLA,hydebr99,FALSE,1,2011,2011,0,1,0,5,5,0
121351,Edwin Rodriguez,FLA,rodried02,FALSE,2,2010,2011,78,85,0.479,3,5,4
429341,Jack McKeon,FLA,mckeoja99,FALSE,4,2003,2011,281,257,0.522,2,5,4
114712,Bob Geren,OAK,gerenbo01,FALSE,5,2007,2011,334,376,0.47,2,4,10
117517,Tony La Russa,STL,larusto01,TRUE,16,1996,2011,1408,1182,0.544,1,4,39
427427,Jim Riggleman,WSN,rigglji99,FALSE,3,2009,2011,140,172,0.449,3,5,11
427334,John McLaren,WSN,mclarjo99,FALSE,1,2011,2011,2,1,0.667,3,3,1
134460,AJ Hinch,ARI,hincha.01,FALSE,2,2009,2010,89,123,0.42,5,5,5
112764,Bobby Cox,ATL,coxbo01,TRUE,25,1978,2010,2149,1709,0.557,1,6,141
492539,Dave Trembley,BAL,trembda99,FALSE,4,2007,2010,187,283,0.398,4,5,10
121651,Juan Samuel,BAL,samueju01,FALSE,1,2010,2010,17,34,0.333,5,5,2
120586,Lou Piniella,CHC,pinielo01,FALSE,4,2007,2010,316,293,0.519,1,5,5
427190,Fredi Gonzalez,FLA,gonzafr99,FALSE,4,2007,2010,276,279,0.497,2,5,11
527068,Trey Hillman,KCR,hillmtr99,FALSE,3,2008,2010,152,207,0.423,4,5,8
123406,Joe Torre,LAD,torrejo01,TRUE,3,2008,2010,259,227,0.533,1,4,4
118076,Ken Macha,MIL,machake01,FALSE,2,2009,2010,157,167,0.485,3,3,3
118262,Jerry Manuel,NYM,manueje01,FALSE,3,2008,2010,204,213,0.489,2,4,11
121571,John Russell,PIT,russejo02,FALSE,3,2008,2010,186,299,0.384,6,6,5
492474,Daren Brown,SEA,brownda99,FALSE,1,2010,2010,19,31,0.38,4,4,0
123798,Don Wakamatsu,SEA,wakamdo01,FALSE,2,2009,2010,127,147,0.464,3,4,3
114650,Cito Gaston,TOR,gastoci01,FALSE,12,1989,2010,894,837,0.516,1,5,27
118942,Bob Melvin,ARI,melvibo01,FALSE,5,2005,2009,337,340,0.498,1,4,15
124029,Eric Wedge,CLE,wedgeer01,FALSE,7,2003,2009,561,573,0.495,1,4,28
116346,Clint Hurdle,COL,hurdlcl01,FALSE,8,2002,2009,534,625,0.461,2,5,22
112651,Cecil Cooper,HOU,coopece01,FALSE,3,2007,2009,171,170,0.501,3,4,9
112320,Dave Clark,HOU,clarkda05,FALSE,1,2009,2009,4,9,0.308,5,5,0
427000,Manny Acta,WSN,actama99,FALSE,3,2007,2009,158,252,0.385,4,5,2
123011,Dale Sveum,MIL,sveumda01,FALSE,1,2008,2008,7,5,0.583,2,2,0
124681,Ned Yost,MIL,yostne01,FALSE,6,2003,2008,457,502,0.477,2,6,25
120927,Willie Randolph,NYM,randowi01,FALSE,4,2005,2008,302,253,0.544,1,3,4
427427,Jim Riggleman,SEA,rigglji99,FALSE,1,2008,2008,36,54,0.4,4,4,2
427334,John McLaren,SEA,mclarjo99,FALSE,2,2007,2008,68,88,0.436,2,4,7
120427,Sam Perlozzo,BAL,perlosa01,FALSE,3,2005,2007,122,164,0.427,4,5,8
119655,Jerry Narron,CIN,narroje01,FALSE,3,2005,2007,157,179,0.467,3,6,6
118093,Pete Mackanin,CIN,mackape01,FALSE,1,2007,2007,41,39,0.513,5,5,0
114625,Phil Garner,HOU,garneph01,FALSE,4,2004,2007,277,252,0.524,2,6,13
110815,Buddy Bell,KCR,bellbu01,FALSE,3,2005,2007,174,262,0.399,5,5,15
427305,Grady Little,LAD,littlgr99,FALSE,2,2006,2007,170,154,0.525,2,4,3
123406,Joe Torre,NYY,torrejo01,TRUE,12,1996,2007,1173,767,0.605,1,2,22
123432,Jim Tracy,PIT,tracyji01,FALSE,2,2006,2007,135,189,0.417,5,6,4
115474,Mike Hargrove,SEA,hargrmi01,FALSE,3,2005,2007,192,210,0.478,2,4,8
110481,Dusty Baker,CHC,bakerdu01,FALSE,4,2003,2006,322,326,0.497,1,6,4
114833,Joe Girardi,FLA,girarjo01,FALSE,1,2006,2006,78,84,0.481,4,4,2
118076,Ken Macha,OAK,machake01,FALSE,4,2003,2006,368,280,0.568,1,2,1
111136,Bruce Bochy,SDP,bochybr01,FALSE,12,1995,2006,951,975,0.494,1,5,33
110186,Felipe Alou,SFG,aloufe01,FALSE,4,2003,2006,342,304,0.529,1,3,8
427469,Buck Showalter,TEX,showabu99,FALSE,4,2003,2006,319,329,0.492,3,4,6
121311,Frank Robinson,WSN,robinfr02,TRUE,5,2002,2006,385,425,0.475,2,5,10
118499,Lee Mazzilli,BAL,mazzile01,FALSE,2,2004,2005,129,140,0.48,3,4,2
429730,Dave Miley,CIN,mileyda99,FALSE,3,2003,2005,125,164,0.433,4,6,5
123437,Alan Trammell,DET,trammal01,TRUE,3,2003,2005,186,300,0.383,4,5,12
427452,Bob Schaefer,KCR,schaebo99,FALSE,2,1991,2005,6,12,0.333,5,6,0
120370,Tony Pena,KCR,penato01,FALSE,4,2002,2005,198,285,0.41,3,5,7
123432,Jim Tracy,LAD,tracyji01,FALSE,5,2001,2005,427,383,0.527,1,4,13
118576,Lloyd McClendon,PIT,mcclell01,FALSE,5,2001,2005,336,446,0.43,4,6,18
118093,Pete Mackanin,PIT,mackape01,FALSE,1,2005,2005,12,14,0.462,6,6,0
120586,Lou Piniella,TBD,pinielo01,FALSE,3,2003,2005,200,285,0.412,4,5,9
120349,Al Pedrique,ARI,pedrial01,FALSE,1,2004,2004,22,61,0.265,5,5,1
111423,Bob Brenly,ARI,brenlbo01,FALSE,4,2001,2004,303,262,0.536,1,5,11
124318,Jimy Williams,HOU,williji03,FALSE,3,2002,2004,215,197,0.522,2,5,8
116218,Art Howe,NYM,howear01,FALSE,2,2003,2004,137,186,0.424,4,5,4
123664,Gary Varsho,PHI,varshga01,FALSE,1,2004,2004,1,1,0.5,2,2,0
111281,Larry Bowa,PHI,bowala01,FALSE,4,2001,2004,337,308,0.522,2,3,23
118942,Bob Melvin,SEA,melvibo01,FALSE,2,2003,2004,156,168,0.481,2,4,7
427510,Carlos Tosca,TOR,toscaca99,FALSE,3,2002,2004,191,191,0.5,3,5,5
115474,Mike Hargrove,BAL,hargrmi01,FALSE,4,2000,2003,275,372,0.425,4,4,13
427305,Grady Little,BOS,littlgr99,FALSE,2,2002,2003,188,136,0.58,2,2,6
118262,Jerry Manuel,CHW,manueje01,FALSE,6,1998,2003,500,471,0.515,1,3,19
111221,Bob Boone,CIN,boonebo01,FALSE,3,2001,2003,190,238,0.444,3,5,5
117191,Ray Knight,CIN,knighra01,FALSE,3,1996,2003,125,137,0.477,3,5,5
123401,Jeff Torborg,FLA,torboje01,FALSE,2,2002,2003,95,105,0.475,4,4,3
117067,Bruce Kimm,CHC,kimmbr01,FALSE,1,2002,2002,33,45,0.423,5,5,1
110719,Don Baylor,CHC,baylodo01,FALSE,3,2000,2002,187,220,0.459,3,6,2
117389,Rene Lachemann,CHC,lachere01,FALSE,1,2002,2002,0,1,0,5,5,0
118261,Charlie Manuel,CLE,manuech01,FALSE,3,2000,2002,220,190,0.537,1,3,11
122298,Joel Skinner,CLE,skinnjo01,FALSE,1,2002,2002,35,41,0.461,3,3,0
110815,Buddy Bell,COL,bellbu01,FALSE,3,2000,2002,161,185,0.465,4,5,16
120797,Luis Pujols,DET,pujollu01,FALSE,1,2002,2002,55,100,0.355,5,5,2
114625,Phil Garner,DET,garneph01,FALSE,3,2000,2002,145,185,0.439,3,5,6
119209,John Mizerock,KCR,mizerjo01,FALSE,1,2002,2002,5,8,0.385,4,4,0
119600,Tony Muser,KCR,muserto01,FALSE,6,1997,2002,317,431,0.424,3,5,12
117912,Davey Lopes,MIL,lopesda01,FALSE,3,2000,2002,144,195,0.425,3,6,6
121520,Jerry Royster,MIL,roystje01,FALSE,1,2002,2002,53,94,0.361,6,6,1
123616,Bobby Valentine,NYM,valenbo02,FALSE,7,1996,2002,536,467,0.534,2,5,17
116218,Art Howe,OAK,howear01,FALSE,7,1996,2002,600,533,0.53,1,4,10
120586,Lou Piniella,SEA,pinielo01,FALSE,10,1993,2002,840,711,0.542,1,4,28
110481,Dusty Baker,SFG,bakerdu01,FALSE,10,1993,2002,840,715,0.54,1,4,11
118872,Hal McRae,TBD,mcraeha01,FALSE,2,2001,2002,113,196,0.366,5,5,7
119655,Jerry Narron,TEX,narroje01,FALSE,2,2001,2002,134,162,0.453,4,4,4
118369,Buck Martinez,TOR,martibu01,FALSE,2,2001,2002,100,115,0.465,3,3,2
124318,Jimy Williams,BOS,williji03,FALSE,5,1997,2001,414,352,0.54,2,4,13
117022,Joe Kerrigan,BOS,kerrijo01,FALSE,1,2001,2001,17,26,0.395,2,2,0
492621,John Boles,FLA,bolesjo99,FALSE,4,1996,2001,205,241,0.46,3,5,5
120404,Tony Perez,FLA,perezto01,TRUE,1,2001,2001,54,60,0.474,4,4,1
113352,Larry Dierker,HOU,dierkla01,FALSE,5,1997,2001,435,348,0.556,1,4,6
116946,Tom Kelly,MIN,kellyto01,FALSE,16,1986,2001,1140,1244,0.478,1,7,5
121495,Larry Rothschild,TBD,rothsla01,FALSE,4,1998,2001,205,294,0.411,5,5,15
119881,Johnny Oates,TEX,oatesjo01,FALSE,7,1995,2001,506,476,0.515,1,4,11
110186,Felipe Alou,WSN,aloufe01,FALSE,10,1992,2001,691,717,0.491,1,5,10
123401,Jeff Torborg,WSN,torboje01,FALSE,1,2001,2001,47,62,0.431,5,5,0
427469,Buck Showalter,ARI,showabu99,FALSE,3,1998,2000,250,236,0.514,1,5,3
429341,Jack McKeon,CIN,mckeoja99,FALSE,4,1997,2000,291,259,0.529,2,4,1
116576,Davey Johnson,LAD,johnsda02,FALSE,2,1999,2000,163,161,0.503,2,3,7
114378,Terry Francona,PHI,francte01,FALSE,4,1997,2000,285,363,0.44,3,5,8
117437,Gene Lamont,PIT,lamonge01,FALSE,4,1997,2000,295,352,0.456,2,6,16
114414,Jim Fregosi,TOR,fregoji01,FALSE,2,1999,2000,167,157,0.515,3,3,4
492632,Terry Collins,ANA,collite99,FALSE,3,1997,1999,220,237,0.481,2,4,10
433617,Ray Miller,BAL,millera99,FALSE,2,1998,1999,157,167,0.485,4,4,9
427427,Jim Riggleman,CHC,rigglji99,FALSE,5,1995,1999,374,419,0.472,2,6,12
115474,Mike Hargrove,CLE,hargrmi01,FALSE,9,1991,1999,721,591,0.55,1,7,29
492447,Jim Leyland,COL,leylaji99,FALSE,1,1999,1999,72,90,0.444,5,5,4
120249,Larry Parrish,DET,parrila01,FALSE,2,1998,1999,82,104,0.441,3,5,1
427177,Matt Galante,HOU,galanma99,FALSE,1,1999,1999,13,14,0.481,2,2,0
117624,Jim Lefebvre,MIL,lefebji01,FALSE,1,1999,1999,22,27,0.449,5,5,3
114625,Phil Garner,MIL,garneph01,FALSE,8,1992,1999,563,617,0.477,2,7,25
110719,Don Baylor,COL,baylodo01,FALSE,6,1993,1998,440,469,0.484,2,6,10
110815,Buddy Bell,DET,bellbu01,FALSE,3,1996,1998,184,277,0.399,3,5,11
492447,Jim Leyland,FLA,leylaji99,FALSE,2,1997,1998,146,178,0.451,2,5,6
121574,Bill Russell,LAD,russebi01,FALSE,3,1996,1998,173,149,0.537,2,3,3
116027,Glenn Hoffman,LAD,hoffmgl01,FALSE,1,1998,1998,47,41,0.534,3,3,0
116632,Tim Johnson,TOR,johnsti01,FALSE,1,1998,1998,88,74,0.543,3,3,2
116576,Davey Johnson,BAL,johnsda02,FALSE,2,1996,1997,186,138,0.574,1,2,6
492618,Terry Bevington,CHW,bevinte99,FALSE,3,1995,1997,222,214,0.509,2,3,8
111221,Bob Boone,KCR,boonebo01,FALSE,3,1995,1997,181,206,0.468,2,5,3
120826,Mel Queen,TOR,queenme02,FALSE,1,1997,1997,4,1,0.8,5,5,0
492579,John McNamara,ANA,mcnamjo99,FALSE,3,1983,1996,161,191,0.457,2,5,6
117388,Marcel Lachemann,ANA,lachema01,FALSE,3,1994,1996,161,170,0.486,2,4,1
492655,Kevin Kennedy,BOS,kenneke99,FALSE,2,1995,1996,171,135,0.559,1,3,0
121406,Cookie Rojas,FLA,rojasco01,FALSE,1,1996,1996,1,0,1,3,3,0
117389,Rene Lachemann,FLA,lachere01,FALSE,4,1993,1996,221,285,0.437,3,6,4
492632,Terry Collins,HOU,collite99,FALSE,3,1994,1996,224,197,0.532,2,2,10
117524,Tommy Lasorda,LAD,lasorto01,TRUE,21,1976,1996,1599,1439,0.526,1,6,48
115088,Dallas Green,NYM,greenda02,FALSE,4,1993,1996,229,283,0.447,2,7,11
114414,Jim Fregosi,PHI,fregoji01,FALSE,6,1991,1996,431,463,0.482,1,6,24
492447,Jim Leyland,PIT,leylaji99,FALSE,11,1986,1996,851,863,0.496,1,6,33
121017,Phil Regan,BAL,reganph01,FALSE,1,1995,1995,71,73,0.493,3,3,2
117437,Gene Lamont,CHW,lamonge01,FALSE,4,1992,1995,258,210,0.551,1,3,7
116576,Davey Johnson,CIN,johnsda02,FALSE,3,1993,1995,204,172,0.543,1,5,6
110238,Sparky Anderson,DET,andersp01,TRUE,17,1979,1995,1331,1248,0.516,1,7,26
427469,Buck Showalter,NYY,showabu99,FALSE,4,1992,1995,313,268,0.539,1,4,9
117517,Tony La Russa,OAK,larusto01,TRUE,10,1986,1995,798,673,0.542,1,7,22
123406,Joe Torre,STL,torrejo01,TRUE,6,1990,1995,351,354,0.498,2,6,15
116766,Mike Jorgensen,STL,jorgemi01,FALSE,1,1995,1995,42,54,0.438,4,4,1
121343,Buck Rodgers,ANA,rodgebu01,FALSE,4,1991,1994,140,173,0.447,4,7,4
119881,Johnny Oates,BAL,oatesjo01,FALSE,4,1991,1994,291,270,0.519,2,6,7
115994,Butch Hobson,BOS,hobsobu01,FALSE,3,1992,1994,207,232,0.472,4,7,4
427512,Tom Trebelhorn,CHC,trebeto99,FALSE,1,1994,1994,49,64,0.434,5,5,2
118872,Hal McRae,KCR,mcraeha01,FALSE,4,1991,1994,286,277,0.508,3,6,13
427427,Jim Riggleman,SDP,rigglji99,FALSE,3,1992,1994,112,179,0.385,3,7,2
492655,Kevin Kennedy,TEX,kenneke99,FALSE,2,1993,1994,138,138,0.5,1,2,1
117624,Jim Lefebvre,CHC,lefebji01,FALSE,2,1992,1993,162,162,0.5,4,4,10
120404,Tony Perez,CIN,perezto01,TRUE,1,1993,1993,20,24,0.455,5,5,0
116218,Art Howe,HOU,howear01,FALSE,5,1989,1993,392,418,0.484,3,6,12
123401,Jeff Torborg,NYM,torboje01,FALSE,2,1992,1993,85,115,0.425,5,7,2
123973,John Wathan,ANA,wathajo01,FALSE,1,1992,1992,39,50,0.438,5,5,2
120586,Lou Piniella,CIN,pinielo01,FALSE,3,1990,1992,255,231,0.525,1,5,11
492522,Greg Riddoch,SDP,riddogr99,FALSE,3,1990,1992,200,194,0.508,3,5,6
120630,Bill Plummer,SEA,plummbi01,FALSE,1,1992,1992,64,98,0.395,7,7,1
112783,Roger Craig,SFG,craigro01,FALSE,8,1985,1992,586,566,0.509,1,6,10
123616,Bobby Valentine,TEX,valenbo02,FALSE,8,1985,1992,581,605,0.49,2,7,21
115497,Toby Harrah,TEX,harrato01,FALSE,1,1992,1992,32,44,0.421,4,4,0
121554,Tom Runnells,WSN,runneto01,FALSE,2,1991,1992,68,81,0.456,2,6,3
120874,Doug Rader,ANA,raderdo02,FALSE,3,1989,1991,232,216,0.518,3,7,7
121311,Frank Robinson,BAL,robinfr02,TRUE,4,1988,1991,230,285,0.447,2,7,7
119372,Joe Morgan,BOS,morgajo01,FALSE,4,1988,1991,301,262,0.535,1,3,11
124768,Don Zimmer,CHC,zimmedo01,FALSE,4,1988,1991,265,258,0.507,1,5,7
113909,Jim Essian,CHC,essiaji01,FALSE,1,1991,1991,59,63,0.484,4,4,1
110200,Joe Altobelli,CHC,altobjo01,FALSE,1,1991,1991,0,1,0,4,4,1
123401,Jeff Torborg,CHW,torboje01,FALSE,3,1989,1991,250,235,0.515,2,7,3
492579,John McNamara,CLE,mcnamjo99,FALSE,2,1990,1991,102,137,0.427,4,7,3
123973,John Wathan,KCR,wathajo01,FALSE,5,1987,1991,287,270,0.515,2,6,5
427512,Tom Trebelhorn,MIL,trebeto99,FALSE,6,1986,1991,422,397,0.515,3,6,11
115502,Bud Harrelson,NYM,harrebu01,FALSE,2,1990,1991,145,129,0.529,2,5,4
112909,Mike Cubbage,NYM,cubbami01,FALSE,1,1991,1991,3,4,0.429,5,5,0
492665,Stump Merrill,NYY,merrist99,FALSE,2,1990,1991,120,155,0.436,5,7,6
492503,Nick Leyva,PHI,leyvani99,FALSE,3,1989,1991,148,189,0.439,3,6,6
117624,Jim Lefebvre,SEA,lefebji01,FALSE,3,1989,1991,233,253,0.479,5,6,6
123183,Gene Tenace,TOR,tenacge01,FALSE,1,1991,1991,19,14,0.576,1,1,0
121343,Buck Rodgers,WSN,rodgebu01,FALSE,7,1985,1991,520,499,0.51,3,6,17
119814,Russ Nixon,ATL,nixonru01,FALSE,3,1988,1990,130,216,0.376,6,6,3
116576,Davey Johnson,NYM,johnsda02,FALSE,7,1984,1990,595,417,0.588,1,2,13
113275,Bucky Dent,NYY,dentbu01,FALSE,2,1989,1990,36,53,0.404,5,7,1
429341,Jack McKeon,SDP,mckeoja99,FALSE,3,1988,1990,193,164,0.541,2,5,3
121851,Red Schoendienst,STL,schoere01,TRUE,14,1965,1990,1041,955,0.522,1,7,12
115865,Whitey Herzog,STL,herzowh01,TRUE,11,1980,1990,822,728,0.53,1,6,23
121454,Pete Rose,CIN,rosepe01,FALSE,6,1984,1989,412,373,0.525,2,5,9
115731,Tommy Helms,CIN,helmsto01,FALSE,2,1988,1989,28,36,0.438,2,5,1
113755,Doc Edwards,CLE,edwardo01,FALSE,3,1987,1989,173,207,0.455,6,7,2
580128,John Hart,CLE,hartjo99,FALSE,1,1989,1989,8,11,0.421,6,6,0
115088,Dallas Green,NYY,greenda02,FALSE,1,1989,1989,56,65,0.463,5,5,2
124318,Jimy Williams,TOR,williji03,FALSE,4,1986,1989,281,241,0.538,1,4,12
121406,Cookie Rojas,ANA,rojasco01,FALSE,1,1988,1988,75,79,0.487,4,4,4
122900,Moose Stubing,ANA,stubimo01,FALSE,1,1988,1988,0,8,0,4,4,0
123089,Chuck Tanner,ATL,tannech01,FALSE,3,1986,1988,153,208,0.424,5,6,2
492683,Cal Ripken,BAL,ripkeca99,FALSE,3,1985,1988,68,101,0.402,4,7,8
492579,John McNamara,BOS,mcnamjo99,FALSE,4,1985,1988,297,273,0.521,1,5,13
114414,Jim Fregosi,CHW,fregoji01,FALSE,3,1986,1988,193,226,0.461,5,5,7
117481,Hal Lanier,HOU,lanieha01,FALSE,3,1986,1988,254,232,0.523,1,5,6
118330,Billy Martin,NYY,martibi02,FALSE,8,1975,1988,556,385,0.591,1,5,14
120586,Lou Piniella,NYY,pinielo01,FALSE,3,1986,1988,224,193,0.537,2,5,11
123764,John Vukovich,PHI,vukovjo01,FALSE,1,1988,1988,5,4,0.556,6,6,0
113794,Lee Elia,PHI,eliale01,FALSE,2,1987,1988,111,142,0.439,4,6,4
111281,Larry Bowa,SDP,bowala01,FALSE,2,1987,1988,81,127,0.389,3,6,6
124335,Dick Williams,SEA,willidi02,TRUE,3,1986,1988,159,192,0.453,4,7,6
122510,Jim Snyder,SEA,snydeji02,FALSE,1,1988,1988,45,60,0.429,7,7,3
118451,Gene Mauch,ANA,mauchge01,FALSE,5,1981,1987,379,332,0.533,1,7,6
492660,Frank Lucchesi,CHC,lucchfr99,FALSE,1,1987,1987,8,17,0.32,6,6,2
119025,Gene Michael,CHC,michage01,FALSE,2,1986,1987,114,124,0.479,5,6,7
112696,Pat Corrales,CLE,corrapa01,FALSE,5,1983,1987,280,355,0.441,5,7,22
114616,Billy Gardner,KCR,gardnbi02,FALSE,1,1987,1987,62,64,0.492,2,2,0
114057,John Felske,PHI,felskjo01,FALSE,3,1985,1987,190,194,0.495,2,5,1
0,Earl Weaver,BAL,weaveea99,TRUE,17,1968,1986,1480,1060,0.583,1,7,96
492566,Jim Frey,CHC,freyji99,FALSE,3,1984,1986,196,182,0.519,1,5,8
123764,John Vukovich,CHC,vukovjo01,FALSE,1,1986,1986,1,1,0.5,5,5,0
120874,Doug Rader,CHW,raderdo02,FALSE,1,1986,1986,1,1,0.5,5,5,0
116236,Dick Howser,KCR,howsedi01,FALSE,6,1981,1986,404,365,0.525,1,3,8
114083,Mike Ferraro,KCR,ferrami01,FALSE,1,1986,1986,36,38,0.486,3,3,1
110521,George Bamberger,MIL,bambege01,FALSE,5,1978,1986,377,351,0.518,2,6,18
433617,Ray Miller,MIN,millera99,FALSE,2,1985,1986,109,130,0.456,4,6,4
119302,Jackie Moore,OAK,mooreja01,FALSE,3,1984,1986,163,190,0.462,3,5,10
119746,Jeff Newman,OAK,newmaje01,FALSE,1,1986,1986,2,8,0.2,3,3,1
111243,Steve Boros,SDP,borosst01,FALSE,1,1986,1986,74,88,0.457,4,4,1
112723,Chuck Cottier,SEA,cottich01,FALSE,3,1984,1986,98,119,0.452,5,7,5
118374,Marty Martinez,SEA,martima01,FALSE,1,1986,1986,0,1,0,7,7,0
124445,Bobby Wine,ATL,winebo01,FALSE,1,1985,1985,16,25,0.39,5,5,0
115276,Eddie Haas,ATL,haased01,FALSE,1,1985,1985,50,71,0.413,5,5,1
110200,Joe Altobelli,BAL,altobjo01,FALSE,3,1983,1985,212,167,0.559,1,5,10
117768,Bob Lillis,HOU,lillibo01,FALSE,4,1982,1985,276,261,0.514,2,5,1
114616,Billy Gardner,MIN,gardnbi02,FALSE,5,1981,1985,268,353,0.432,3,7,12
110925,Yogi Berra,NYY,berrayo01,TRUE,3,1964,1985,192,148,0.565,1,3,7
123089,Chuck Tanner,PIT,tannech01,FALSE,9,1977,1985,711,685,0.509,1,6,16
124335,Dick Williams,SDP,willidi02,TRUE,4,1982,1985,337,311,0.52,1,4,11
113081,Jim Davenport,SFG,davenji01,FALSE,1,1985,1985,56,88,0.389,6,6,0
120874,Doug Rader,TEX,raderdo02,FALSE,3,1983,1985,155,200,0.437,3,7,7
112764,Bobby Cox,TOR,coxbo01,TRUE,4,1982,1985,355,292,0.549,1,6,21
123406,Joe Torre,ATL,torrejo01,TRUE,3,1982,1984,257,229,0.529,1,3,5
116177,Ralph Houk,BOS,houkra01,FALSE,4,1981,1984,312,282,0.525,2,6,10
492682,Vern Rapp,CIN,rappve99,FALSE,1,1984,1984,51,70,0.421,5,5,3
117389,Rene Lachemann,MIL,lachere01,FALSE,1,1984,1984,67,94,0.416,7,7,1
111243,Steve Boros,OAK,borosst01,FALSE,2,1983,1984,94,112,0.456,4,4,0
492675,Paul Owens,PHI,owenspa99,FALSE,3,1972,1984,161,158,0.505,1,6,2
112788,Del Crandall,SEA,crandde01,FALSE,2,1983,1984,93,131,0.415,5,7,3
492676,Danny Ozark,SFG,ozarkda99,FALSE,1,1984,1984,24,32,0.429,6,6,0
121311,Frank Robinson,SFG,robinfr02,TRUE,4,1981,1984,264,277,0.488,3,6,5
123734,Bill Virdon,WSN,virdobi01,FALSE,2,1983,1984,146,147,0.498,3,5,3
114000,Jim Fanning,WSN,fanniji01,FALSE,3,1981,1984,116,103,0.53,1,5,2
114355,Charlie Fox,CHC,foxch01,FALSE,1,1983,1983,17,22,0.436,5,5,0
113794,Lee Elia,CHC,eliale01,FALSE,2,1982,1983,127,158,0.446,5,5,5
119814,Russ Nixon,CIN,nixonru01,FALSE,2,1982,1983,101,131,0.435,6,6,1
114083,Mike Ferraro,CLE,ferrami01,FALSE,1,1983,1983,40,60,0.4,7,7,2
117354,Harvey Kuenn,MIL,kuennha01,FALSE,3,1975,1983,160,118,0.576,1,5,3
116205,Frank Howard,NYM,howarfr01,FALSE,1,1983,1983,52,64,0.448,6,6,1
110521,George Bamberger,NYM,bambege01,FALSE,2,1982,1983,81,127,0.389,6,6,3
112696,Pat Corrales,PHI,corrapa01,FALSE,2,1982,1983,132,115,0.534,1,2,9
117389,Rene Lachemann,SEA,lachere01,FALSE,3,1981,1983,140,180,0.438,4,7,1
492579,John McNamara,CIN,mcnamjo99,FALSE,4,1979,1982,279,244,0.533,1,6,6
492643,Dave Garcia,CLE,garcida99,FALSE,4,1979,1982,247,244,0.503,5,7,2
123734,Bill Virdon,HOU,virdobi01,FALSE,8,1975,1982,544,522,0.51,1,6,8
121343,Buck Rodgers,MIL,rodgebu01,FALSE,3,1980,1982,124,102,0.549,1,3,4
117671,Bob Lemon,NYY,lemonbo01,TRUE,4,1978,1982,99,73,0.576,1,6,0
117075,Clyde King,NYY,kingcl01,FALSE,1,1982,1982,29,33,0.468,5,5,0
119025,Gene Michael,NYY,michage01,FALSE,2,1981,1982,92,76,0.548,1,6,5
118330,Billy Martin,OAK,martibi02,FALSE,3,1980,1982,215,218,0.497,1,5,12
116575,Darrell Johnson,TEX,johnsda01,FALSE,1,1982,1982,26,40,0.394,6,6,2
124768,Don Zimmer,TEX,zimmedo01,FALSE,2,1981,1982,95,106,0.473,2,6,2
114414,Jim Fregosi,ANA,fregoji01,FALSE,4,1978,1981,237,248,0.489,1,6,11
110213,Joey Amalfitano,CHC,amalfjo01,FALSE,3,1979,1981,66,116,0.363,5,6,1
492566,Jim Frey,KCR,freyji99,FALSE,2,1980,1981,127,105,0.547,1,5,5
114985,Johnny Goryl,MIN,goryljo01,FALSE,2,1980,1981,34,38,0.472,3,7,1
123406,Joe Torre,NYM,torrejo01,TRUE,5,1977,1981,286,420,0.405,4,6,24
115088,Dallas Green,PHI,greenda02,FALSE,3,1979,1981,169,130,0.565,1,4,5
116205,Frank Howard,SDP,howarfr01,FALSE,1,1981,1981,41,69,0.373,6,6,1
124371,Maury Wills,SEA,willsma01,FALSE,2,1980,1981,26,56,0.317,6,7,3
118440,Bobby Mattick,TOR,mattibo01,FALSE,2,1980,1981,104,164,0.388,7,7,7
124335,Dick Williams,WSN,willidi02,TRUE,5,1977,1981,380,347,0.523,1,5,7
124768,Don Zimmer,BOS,zimmedo01,FALSE,5,1976,1980,411,304,0.575,2,4,7
120450,Johnny Pesky,BOS,peskyjo01,FALSE,3,1963,1980,147,179,0.451,4,8,3
114914,Preston Gomez,CHC,gomezpr01,FALSE,1,1980,1980,38,52,0.422,6,6,1
118451,Gene Mauch,MIN,mauchge01,FALSE,5,1976,1980,378,394,0.49,3,4,9
116236,Dick Howser,NYY,howsedi01,FALSE,2,1978,1980,103,60,0.632,1,1,0
112475,Jerry Coleman,SDP,colemje01,FALSE,1,1980,1980,73,89,0.451,6,6,3
116575,Darrell Johnson,SEA,johnsda01,FALSE,4,1977,1980,226,362,0.384,6,7,17
492622,Dave Bristol,SFG,bristda99,FALSE,2,1979,1980,85,98,0.464,4,5,6
492656,Jack Krol,STL,krolja99,FALSE,2,1978,1980,1,2,0.333,4,5,0
111321,Ken Boyer,STL,boyerke01,FALSE,3,1978,1980,166,190,0.466,3,5,4
112696,Pat Corrales,TEX,corrapa01,FALSE,3,1978,1980,160,164,0.494,2,4,7
114387,Herman Franks,CHC,frankhe01,FALSE,3,1977,1979,238,241,0.497,3,5,10
117024,Don Kessinger,CHW,kessido01,FALSE,1,1979,1979,46,60,0.434,5,5,0
123401,Jeff Torborg,CLE,torboje01,FALSE,3,1977,1979,157,201,0.439,5,6,3
123430,Dick Tracewski,DET,tracedi01,FALSE,1,1979,1979,2,0,1,5,5,0
119446,Les Moss,DET,mossle01,FALSE,1,1979,1979,27,26,0.509,5,5,0
115865,Whitey Herzog,KCR,herzowh01,TRUE,5,1975,1979,410,304,0.574,1,2,13
118323,Jim Marshall,OAK,marshji01,FALSE,1,1979,1979,54,108,0.333,7,7,2
492676,Danny Ozark,PHI,ozarkda99,FALSE,7,1973,1979,594,510,0.538,1,6,20
112783,Roger Craig,SDP,craigro01,FALSE,2,1978,1979,152,171,0.471,4,5,3
110200,Joe Altobelli,SFG,altobjo01,FALSE,3,1977,1979,225,239,0.485,3,4,7
115577,Roy Hartsfield,TOR,hartsro01,FALSE,3,1977,1979,166,318,0.343,7,7,9
492643,Dave Garcia,ANA,garcida99,FALSE,2,1977,1978,60,67,0.472,2,5,0
117671,Bob Lemon,CHW,lemonbo01,TRUE,2,1977,1978,124,112,0.525,3,5,1
113411,Larry Doby,CHW,dobyla01,TRUE,1,1978,1978,37,50,0.425,5,5,3
110238,Sparky Anderson,CIN,andersp01,TRUE,9,1970,1978,863,586,0.596,1,5,30
116177,Ralph Houk,DET,houkra01,FALSE,5,1974,1978,363,443,0.45,4,6,11
492702,Bobby Winkles,OAK,winklbo99,FALSE,2,1977,1978,61,86,0.415,6,7,3
429341,Jack McKeon,OAK,mckeoja99,FALSE,2,1977,1978,71,105,0.403,6,7,2
492682,Vern Rapp,STL,rappve99,FALSE,2,1977,1978,89,90,0.497,3,5,3
116331,Billy Hunter,TEX,huntebi03,FALSE,2,1977,1978,146,108,0.575,2,2,6
122144,Norm Sherry,ANA,sherrno01,FALSE,2,1976,1977,76,71,0.517,4,5,0
492622,Dave Bristol,ATL,bristda99,FALSE,2,1976,1977,130,192,0.404,6,6,7
0,Ted Turner,ATL,turnete99,FALSE,1,1977,1977,0,1,0,6,6,0
110877,Vern Benson,ATL,bensove01,FALSE,1,1977,1977,1,0,1,6,6,0
121311,Frank Robinson,CLE,robinfr02,TRUE,3,1975,1977,186,189,0.496,4,5,7
115037,Alex Grammas,MIL,grammal01,FALSE,2,1976,1977,133,190,0.412,6,6,3
114394,Joe Frazier,NYM,frazijo01,FALSE,2,1976,1977,101,106,0.488,3,6,3
113052,Al Dark,SDP,darkal01,FALSE,1,1977,1977,48,65,0.425,5,5,2
122299,Bob Skinner,SDP,skinnbo01,FALSE,1,1977,1977,1,0,1,5,5,0
492579,John McNamara,SDP,mcnamjo99,FALSE,4,1974,1977,224,310,0.419,4,6,5
121584,Connie Ryan,TEX,ryanco01,FALSE,1,1977,1977,2,4,0.333,2,2,0
122666,Eddie Stanky,TEX,stanked01,FALSE,1,1977,1977,1,0,1,2,2,0
492660,Frank Lucchesi,TEX,lucchfr99,FALSE,3,1975,1977,142,149,0.488,2,4,11
124335,Dick Williams,ANA,willidi02,TRUE,3,1974,1976,147,194,0.431,4,6,11
116575,Darrell Johnson,BOS,johnsda01,FALSE,3,1974,1976,220,188,0.539,1,3,12
118323,Jim Marshall,CHC,marshji01,FALSE,3,1974,1976,175,218,0.445,4,6,4
121150,Paul Richards,CHW,richapa01,FALSE,5,1951,1976,406,362,0.529,3,6,30
110193,Walter Alston,LAD,alstowa01,TRUE,23,1954,1976,2040,1613,0.558,1,8,37
123089,Chuck Tanner,OAK,tannech01,FALSE,1,1976,1976,87,74,0.54,2,2,4
119599,Danny Murtaugh,PIT,murtada01,FALSE,15,1957,1976,1115,950,0.54,1,8,20
121205,Bill Rigney,SFG,rignebi01,FALSE,6,1956,1976,406,430,0.486,3,6,22
114355,Charlie Fox,WSN,foxch01,FALSE,1,1976,1976,12,22,0.353,6,6,0
492657,Karl Kuehl,WSN,kuehlka99,FALSE,1,1976,1976,43,85,0.336,6,6,1
117075,Clyde King,ATL,kingcl01,FALSE,2,1974,1975,96,101,0.487,3,5,2
121584,Connie Ryan,ATL,ryanco01,FALSE,1,1975,1975,9,18,0.333,5,5,0
123089,Chuck Tanner,CHW,tannech01,FALSE,6,1970,1975,401,414,0.492,2,6,16
114914,Preston Gomez,HOU,gomezpr01,FALSE,2,1974,1975,128,161,0.443,4,6,3
429341,Jack McKeon,KCR,mckeoja99,FALSE,3,1973,1975,215,205,0.512,2,5,6
112788,Del Crandall,MIL,crandde01,FALSE,4,1972,1975,271,338,0.445,5,6,6
120833,Frank Quilici,MIN,quilifr01,FALSE,4,1972,1975,280,287,0.494,3,4,8
118828,Roy McMillan,NYM,mcmilro01,FALSE,1,1975,1975,26,27,0.491,3,3,0
110925,Yogi Berra,NYM,berrayo01,TRUE,4,1972,1975,292,296,0.497,1,5,6
123734,Bill Virdon,NYY,virdobi01,FALSE,2,1974,1975,142,124,0.534,2,3,3
113052,Al Dark,OAK,darkal01,FALSE,4,1966,1975,314,291,0.519,1,10,5
124121,Wes Westrum,SFG,westrwe01,FALSE,2,1974,1975,118,129,0.478,3,5,3
118330,Billy Martin,TEX,martibi02,FALSE,3,1973,1975,137,141,0.493,2,6,9
118451,Gene Mauch,WSN,mauchge01,FALSE,7,1969,1975,499,627,0.443,4,6,16
492702,Bobby Winkles,ANA,winklbo99,FALSE,2,1973,1974,109,127,0.462,4,6,2
115865,Whitey Herzog,ANA,herzowh01,TRUE,1,1974,1974,2,2,0.5,6,6,0
118416,Eddie Mathews,ATL,matheed01,TRUE,3,1972,1974,149,161,0.481,3,5,6
117857,Whitey Lockman,CHC,lockmwh01,FALSE,3,1972,1974,157,162,0.492,2,6,6
110355,Ken Aspromonte,CLE,asproke01,FALSE,3,1972,1974,220,260,0.458,4,6,6
114355,Charlie Fox,SFG,foxch01,FALSE,5,1970,1974,348,327,0.516,1,5,4
116856,Eddie Kasko,BOS,kaskoed01,FALSE,4,1970,1973,345,295,0.539,2,3,11
492680,Eddie Popowski,BOS,popowed99,FALSE,2,1969,1973,6,4,0.6,2,3,0
118330,Billy Martin,DET,martibi02,FALSE,3,1971,1973,248,204,0.549,1,3,10
121889,Joe Schultz,DET,schuljo05,FALSE,1,1973,1973,14,14,0.5,3,3,0
113664,Leo Durocher,HOU,durocle01,TRUE,2,1972,1973,98,95,0.508,2,4,2
116177,Ralph Houk,NYY,houkra01,FALSE,11,1961,1973,944,806,0.539,1,10,24
124335,Dick Williams,OAK,willidi02,TRUE,3,1971,1973,288,190,0.603,1,1,11
123734,Bill Virdon,PIT,virdobi01,FALSE,2,1972,1973,163,128,0.56,1,3,2
124768,Don Zimmer,SDP,zimmedo01,FALSE,2,1972,1973,114,190,0.375,6,6,4
124250,Del Wilber,TEX,wilbede01,FALSE,1,1973,1973,1,0,1,6,6,0
115865,Whitey Herzog,TEX,herzowh01,TRUE,1,1973,1973,47,91,0.341,6,6,6
121136,Del Rice,ANA,ricede01,FALSE,1,1972,1972,75,80,0.484,5,5,6
115515,Lum Harris,ATL,harrilu01,FALSE,5,1968,1972,379,373,0.504,1,5,5
113664,Leo Durocher,CHC,durocle01,TRUE,7,1966,1972,535,526,0.504,2,10,20
123825,Harry Walker,HOU,walkeha01,FALSE,5,1968,1972,355,353,0.501,2,10,8
120227,Salty Parker,HOU,parkesa01,FALSE,1,1972,1972,1,0,1,2,2,0
117671,Bob Lemon,KCR,lemonbo01,TRUE,3,1970,1972,207,218,0.487,2,4,5
492622,Dave Bristol,MIL,bristda99,FALSE,3,1970,1972,144,209,0.408,4,6,8
118828,Roy McMillan,MIL,mcmilro01,FALSE,1,1972,1972,1,1,0.5,6,6,0
121205,Bill Rigney,MIN,rignebi01,FALSE,3,1970,1972,208,184,0.531,1,5,6
492660,Frank Lucchesi,PHI,lucchfr99,FALSE,3,1970,1972,166,233,0.416,5,6,8
114914,Preston Gomez,SDP,gomezpr01,FALSE,4,1969,1972,180,316,0.363,6,6,3
124341,Ted Williams,TEX,willite01,TRUE,4,1969,1972,273,364,0.429,4,6,0
0,Lefty Phillips,ANA,phillle99,FALSE,3,1969,1971,222,225,0.497,3,4,0
113052,Al Dark,CLE,darkal01,FALSE,4,1968,1971,266,321,0.453,3,6,8
117805,Johnny Lipon,CLE,liponjo01,FALSE,1,1971,1971,18,41,0.305,6,6,0
116008,Gil Hodges,NYM,hodgegi01,FALSE,4,1968,1971,339,309,0.523,1,9,5
492614,Bill Adair,CHW,adairbi99,FALSE,1,1970,1970,4,6,0.4,6,6,0
115264,Don Gutteridge,CHW,guttedo01,FALSE,2,1969,1970,109,172,0.388,5,6,0
122379,Mayo Smith,DET,smithma01,FALSE,4,1967,1970,363,285,0.56,1,4,3
118998,Charlie Metro,KCR,metroch01,FALSE,1,1970,1970,19,33,0.365,4,4,3
492579,John McNamara,OAK,mcnamjo99,FALSE,2,1969,1970,97,78,0.554,2,2,0
117075,Clyde King,SFG,kingcl01,FALSE,2,1969,1970,109,95,0.534,2,3,1
121205,Bill Rigney,ANA,rignebi01,FALSE,9,1961,1969,625,707,0.469,3,9,36
124335,Dick Williams,BOS,willidi02,TRUE,3,1967,1969,260,217,0.545,1,4,11
117914,Al Lopez,CHW,lopezal01,TRUE,11,1957,1969,840,650,0.564,1,8,17
492622,Dave Bristol,CIN,bristda99,FALSE,4,1966,1969,298,265,0.529,3,7,16
114967,Joe Gordon,KCR,gordojo01,TRUE,1,1969,1969,69,93,0.426,4,4,2
121889,Joe Schultz,MIL,schuljo05,FALSE,1,1969,1969,64,98,0.395,6,6,3
118330,Billy Martin,MIN,martibi02,FALSE,1,1969,1969,97,65,0.599,1,1,3
110697,Hank Bauer,OAK,bauerha01,FALSE,3,1961,1969,187,226,0.453,2,9,3
122299,Bob Skinner,PHI,skinnbo01,FALSE,2,1968,1969,92,123,0.428,5,7,1
119611,George Myatt,PHI,myattge01,FALSE,2,1968,1969,20,35,0.364,5,7,0
115037,Alex Grammas,PIT,grammal01,FALSE,1,1969,1969,4,1,0.8,3,3,0
492691,Larry Shepard,PIT,shepala99,FALSE,2,1968,1969,164,155,0.514,3,6,8
110697,Hank Bauer,BAL,bauerha01,FALSE,5,1964,1968,407,318,0.561,1,7,11
122666,Eddie Stanky,CHW,stanked01,FALSE,3,1966,1968,206,197,0.511,4,8,10
119446,Les Moss,CHW,mossle01,FALSE,1,1968,1968,12,24,0.333,8,8,0
115611,Grady Hatton,HOU,hattogr01,FALSE,3,1966,1968,164,221,0.426,8,10,6
113885,Cal Ermer,MIN,ermerca01,FALSE,2,1967,1968,145,129,0.529,2,7,7
116987,Bob Kennedy,OAK,kennebo01,FALSE,1,1968,1968,82,80,0.506,6,6,1
118451,Gene Mauch,PHI,mauchge01,FALSE,9,1960,1968,646,684,0.486,2,8,23
114387,Herman Franks,SFG,frankhe01,FALSE,4,1965,1968,367,280,0.567,2,2,6
117670,Jim Lemon,TEX,lemonji01,FALSE,1,1968,1968,65,96,0.404,10,10,0
115983,Billy Hitchcock,ATL,hitchbi01,FALSE,2,1966,1967,110,100,0.524,5,7,4
122237,Ken Silvestri,ATL,silveke01,FALSE,1,1967,1967,0,3,0,7,7,0
110071,Joe Adcock,CLE,adcocjo01,FALSE,1,1967,1967,75,87,0.463,8,8,3
118929,Sam Mele,MIN,melesa01,FALSE,7,1961,1967,524,436,0.546,1,7,5
120227,Salty Parker,NYM,parkesa01,FALSE,1,1967,1967,4,7,0.364,10,10,0
124121,Wes Westrum,NYM,westrwe01,FALSE,3,1965,1967,142,237,0.375,9,10,6
110297,Luke Appling,OAK,applilu01,TRUE,1,1967,1967,10,30,0.25,10,10,0
123825,Harry Walker,PIT,walkeha01,FALSE,3,1965,1967,224,184,0.549,3,6,10
116008,Gil Hodges,TEX,hodgegi01,FALSE,5,1963,1967,321,444,0.42,6,10,2
111368,Bobby Bragan,ATL,bragabo01,FALSE,4,1963,1966,310,287,0.519,5,6,9
115809,Billy Herman,BOS,hermabi01,TRUE,3,1964,1966,128,182,0.413,8,9,1
121555,Pete Runnels,BOS,runnepe01,FALSE,1,1966,1966,8,8,0.5,9,9,0
115693,Don Heffner,CIN,heffndo01,FALSE,1,1966,1966,37,46,0.446,7,7,0
123167,Birdie Tebbetts,CLE,tebbebi01,FALSE,4,1963,1966,278,259,0.518,5,6,8
122872,George Strickland,CLE,stricge01,FALSE,2,1964,1966,48,63,0.432,5,6,0
123052,Bob Swift,DET,swiftbo01,FALSE,2,1965,1966,56,43,0.566,3,4,0
113557,Chuck Dressen,DET,dressch01,FALSE,4,1963,1966,221,189,0.539,3,5,0
122288,Frank Skaff,DET,skafffr01,FALSE,1,1966,1966,40,39,0.506,3,3,0
492654,Johnny Keane,NYY,keanejo99,FALSE,2,1965,1966,81,101,0.445,6,10,1
116987,Bob Kennedy,CHC,kennebo01,FALSE,3,1963,1965,182,198,0.479,7,8,4
117142,Lou Klein,CHC,kleinlo01,FALSE,3,1961,1965,65,82,0.442,7,9,0
122281,Dick Sisler,CIN,sisledi01,FALSE,2,1964,1965,121,94,0.563,2,4,2
115515,Lum Harris,HOU,harrilu01,FALSE,2,1964,1965,70,105,0.4,9,9,1
122737,Casey Stengel,NYM,stengca01,TRUE,4,1962,1965,175,404,0.302,10,10,5
122947,Haywood Sullivan,OAK,sulliha02,FALSE,1,1965,1965,54,82,0.397,10,10,0
492662,Mel McGaha,OAK,mcgahme99,FALSE,2,1964,1965,45,91,0.331,10,10,0
116367,Fred Hutchinson,CIN,hutchfr01,FALSE,6,1959,1964,443,372,0.544,1,6,19
112777,Harry Craft,HOU,craftha01,FALSE,3,1962,1964,191,280,0.406,8,9,9
117909,Eddie Lopat,OAK,lopated01,FALSE,2,1963,1964,90,124,0.421,8,10,2
113052,Al Dark,SFG,darkal01,FALSE,4,1961,1964,366,277,0.569,1,4,10
492654,Johnny Keane,STL,keanejo99,FALSE,4,1961,1964,317,249,0.56,1,6,10
115983,Billy Hitchcock,BAL,hitchbi01,FALSE,2,1962,1963,163,161,0.503,4,7,9
121785,Bob Scheffing,DET,schefbo01,FALSE,3,1961,1963,210,173,0.548,2,5,5
124682,Eddie Yost,TEX,yosted01,FALSE,1,1963,1963,0,1,0,10,10,0
123711,Mickey Vernon,TEX,vernomi01,FALSE,3,1961,1963,135,227,0.373,9,10,4
123167,Birdie Tebbetts,ATL,tebbebi01,FALSE,2,1961,1962,98,89,0.524,4,5,2
115911,Pinky Higgins,BOS,higgipi01,FALSE,8,1955,1962,560,556,0.502,3,8,1
118998,Charlie Metro,CHC,metroch01,FALSE,1,1962,1962,43,69,0.384,9,9,2
123092,El Tappe,CHC,tappeel01,FALSE,2,1961,1962,46,70,0.397,7,9,4
115451,Mel Harder,CLE,hardeme01,FALSE,2,1961,1962,3,0,1,5,6,0
492662,Mel McGaha,CLE,mcgahme99,FALSE,1,1962,1962,78,82,0.488,6,6,0
113557,Chuck Dressen,ATL,dressch01,FALSE,2,1960,1961,159,124,0.562,2,4,1
115515,Lum Harris,BAL,harrilu01,FALSE,1,1961,1961,17,10,0.63,3,3,0
121150,Paul Richards,BAL,richapa01,FALSE,7,1955,1961,517,539,0.49,2,7,52
112777,Harry Craft,CHC,craftha01,FALSE,1,1961,1961,7,9,0.438,7,7,0
492651,Vedie Himsl,CHC,himslve99,FALSE,1,1961,1961,10,21,0.323,6,7,0
113685,Jimmy Dykes,CLE,dykesji01,FALSE,2,1960,1961,103,115,0.472,4,5,3
117542,Cookie Lavagetto,MIN,lavagco01,FALSE,5,1957,1961,271,384,0.414,5,8,0
114967,Joe Gordon,OAK,gordojo01,TRUE,1,1961,1961,26,33,0.441,9,9,0
115742,Solly Hemus,STL,hemusso01,FALSE,3,1959,1961,190,192,0.497,3,7,11
116795,Billy Jurges,BOS,jurgebi01,FALSE,2,1959,1960,59,63,0.484,5,7,0
110468,Del Baker,BOS,bakerde01,FALSE,1,1960,1960,2,5,0.286,7,7,0
115167,Charlie Grimm,CHC,grimmch01,FALSE,14,1932,1960,946,782,0.547,1,8,19
111272,Lou Boudreau,CHC,boudrlo01,TRUE,1,1960,1960,54,83,0.394,7,7,1
124179,Jo-Jo White,CLE,whitejo01,FALSE,1,1960,1960,1,0,1,4,4,0
114967,Joe Gordon,CLE,gordojo01,TRUE,3,1958,1960,184,151,0.549,2,4,10
115983,Billy Hitchcock,DET,hitchbi01,FALSE,1,1960,1960,1,0,1,6,6,0
113685,Jimmy Dykes,DET,dykesji01,FALSE,2,1959,1960,118,115,0.506,4,6,2
114967,Joe Gordon,DET,gordojo01,TRUE,1,1960,1960,26,31,0.456,6,6,0
122737,Casey Stengel,NYY,stengca01,TRUE,12,1949,1960,1149,696,0.623,1,3,12
113813,Bob Elliott,OAK,elliobo01,FALSE,1,1960,1960,58,96,0.377,8,8,0
112451,Andy Cohen,PHI,cohenan01,FALSE,1,1960,1960,1,0,1,8,8,0
492687,Eddie Sawyer,PHI,sawyeed99,FALSE,8,1948,1960,390,423,0.48,1,8,4
122103,Tom Sheehan,SFG,sheehto02,FALSE,1,1960,1960,46,50,0.479,5,5,0
115416,Fred Haney,ATL,haneyfr01,FALSE,4,1956,1959,341,231,0.596,1,2,3
124678,Rudy York,BOS,yorkru01,FALSE,1,1959,1959,0,1,0,5,5,0
121785,Bob Scheffing,CHC,schefbo01,FALSE,3,1957,1959,208,254,0.45,6,8,6
122379,Mayo Smith,CIN,smithma01,FALSE,1,1959,1959,35,45,0.438,5,5,0
119838,Bill Norman,DET,normabi01,FALSE,2,1958,1959,58,64,0.475,4,5,0
112777,Harry Craft,OAK,craftha01,FALSE,3,1957,1959,162,196,0.453,7,7,2
123167,Birdie Tebbetts,CIN,tebbebi01,FALSE,5,1954,1958,372,357,0.51,3,5,14
113685,Jimmy Dykes,CIN,dykesji01,FALSE,1,1958,1958,24,17,0.585,4,4,0
111368,Bobby Bragan,CLE,bragabo01,FALSE,1,1958,1958,31,36,0.463,4,4,0
492696,Jack Tighe,DET,tigheja99,FALSE,2,1957,1958,99,104,0.488,4,5,4
122379,Mayo Smith,PHI,smithma01,FALSE,4,1955,1958,264,282,0.484,4,8,6
116367,Fred Hutchinson,STL,hutchfr01,FALSE,3,1956,1958,232,220,0.513,2,5,15
115283,Stan Hack,STL,hackst01,FALSE,1,1958,1958,3,7,0.3,5,5,0
114027,Kerby Farrell,CLE,farreke01,FALSE,1,1957,1957,76,77,0.497,6,6,4
113557,Chuck Dressen,MIN,dressch01,FALSE,3,1955,1957,116,212,0.354,7,8,2
111272,Lou Boudreau,OAK,boudrlo01,TRUE,3,1955,1957,151,260,0.367,6,8,5
111368,Bobby Bragan,PIT,bragabo01,FALSE,2,1956,1957,102,155,0.397,7,7,10
115167,Charlie Grimm,ATL,grimmch01,FALSE,5,1952,1956,341,285,0.545,2,7,5
115283,Stan Hack,CHC,hackst01,FALSE,3,1954,1956,196,265,0.425,6,8,2
118286,Marty Marion,CHW,marioma01,FALSE,3,1954,1956,179,138,0.565,3,3,6
117914,Al Lopez,CLE,lopezal01,TRUE,6,1951,1956,570,354,0.617,1,2,14
115534,Bucky Harris,DET,harribu01,TRUE,7,1929,1956,516,557,0.481,5,7,7
115416,Fred Haney,PIT,haneyfr01,FALSE,3,1953,1955,163,299,0.353,8,8,7
113664,Leo Durocher,SFG,durocle01,TRUE,8,1948,1955,637,523,0.549,1,5,34
122666,Eddie Stanky,STL,stanked01,FALSE,4,1952,1955,260,238,0.522,3,7,16
123825,Harry Walker,STL,walkeha01,FALSE,1,1955,1955,51,67,0.432,7,7,4
113685,Jimmy Dykes,BAL,dykesji01,FALSE,1,1954,1954,54,100,0.351,7,7,3
111272,Lou Boudreau,BOS,boudrlo01,TRUE,3,1952,1954,229,232,0.497,4,6,5
116367,Fred Hutchinson,DET,hutchfr01,FALSE,3,1952,1954,155,235,0.397,5,8,11
115534,Bucky Harris,MIN,harribu01,TRUE,18,1924,1954,1336,1416,0.485,1,7,18
116744,Eddie Joost,OAK,joosted01,FALSE,1,1954,1954,51,103,0.331,8,8,1
120031,Steve O'Neill,PHI,o'neist01,FALSE,3,1952,1954,182,140,0.565,4,4,4
119320,Terry Moore,PHI,moorete01,FALSE,1,1954,1954,35,42,0.455,4,4,0
118286,Marty Marion,BAL,marioma01,FALSE,2,1952,1953,96,161,0.374,7,8,3
112146,Phil Cavarretta,CHC,cavarph01,FALSE,3,1951,1953,169,213,0.442,5,8,8
119145,Buster Mills,CIN,millsbu01,FALSE,1,1953,1953,4,4,0.5,6,6,0
116156,Rogers Hornsby,CIN,hornsro01,TRUE,2,1952,1953,91,106,0.462,6,6,0
113557,Chuck Dressen,LAD,dressch01,FALSE,3,1951,1953,298,166,0.642,1,2,8
113685,Jimmy Dykes,OAK,dykesji01,FALSE,3,1951,1953,208,254,0.45,4,7,8
116106,Tommy Holmes,ATL,holmeto01,FALSE,2,1951,1952,61,69,0.469,4,7,2
116156,Rogers Hornsby,BAL,hornsro01,TRUE,6,1933,1952,255,381,0.401,6,8,1
111618,Earle Brucker,CIN,bruckea01,FALSE,1,1952,1952,3,2,0.6,6,6,0
122022,Luke Sewell,CIN,sewellu01,FALSE,4,1949,1952,174,234,0.426,6,7,5
121410,Red Rolfe,DET,rolfere01,FALSE,4,1949,1952,278,256,0.521,2,8,3
119018,Billy Meyer,PIT,meyerbi01,FALSE,5,1948,1952,317,452,0.412,4,8,19
122551,Billy Southworth,ATL,southbi01,TRUE,6,1946,1951,424,358,0.542,1,4,2
123143,Zack Taylor,BAL,tayloza02,FALSE,5,1946,1951,235,410,0.364,6,8,13
120031,Steve O'Neill,BOS,o'neist01,FALSE,2,1950,1951,150,99,0.602,3,3,0
114448,Frankie Frisch,CHC,friscfr01,TRUE,3,1949,1951,141,196,0.418,7,8,16
118286,Marty Marion,STL,marioma01,FALSE,1,1951,1951,81,73,0.526,3,3,1
524329,Joe McCarthy,BOS,mccarjo99,TRUE,3,1948,1950,223,145,0.606,2,3,2
120035,Jack Onslow,CHW,onsloja01,FALSE,2,1949,1950,71,113,0.386,6,6,6
112702,Red Corriden,CHW,corrire01,FALSE,1,1950,1950,52,72,0.419,6,6,0
111272,Lou Boudreau,CLE,boudrlo01,TRUE,9,1942,1950,728,649,0.529,1,6,6
122192,Burt Shotton,LAD,shottbu01,FALSE,4,1947,1950,326,215,0.603,1,3,1
118082,Connie Mack,OAK,mackco01,TRUE,50,1901,1950,3582,3814,0.484,1,8,0
113682,Eddie Dyer,STL,dyered01,FALSE,5,1946,1950,446,325,0.578,1,5,6
112645,Johnny Cooney,ATL,coonejo01,FALSE,1,1949,1949,20,25,0.444,4,4,0
123898,Bucky Walters,CIN,waltebu01,FALSE,2,1948,1949,81,123,0.397,7,7,3
117356,Joe Kuhel,MIN,kuheljo01,FALSE,2,1948,1949,106,201,0.345,7,8,6
118055,Ted Lyons,CHW,lyonste01,TRUE,3,1946,1948,185,245,0.43,5,8,4
119728,Johnny Neun,CIN,neunjo01,FALSE,2,1947,1948,117,137,0.461,5,7,2
120031,Steve O'Neill,DET,o'neist01,FALSE,6,1943,1948,509,414,0.551,1,5,3
113664,Leo Durocher,LAD,durocle01,TRUE,9,1939,1948,738,565,0.566,1,7,44
111051,Ray Blades,LAD,bladera01,FALSE,1,1948,1948,1,0,1,3,3,0
115534,Bucky Harris,NYY,harribu01,TRUE,2,1947,1948,191,117,0.62,1,3,1
112205,Ben Chapman,PHI,chapmbe01,FALSE,4,1945,1948,196,276,0.415,5,8,10
112631,Dusty Cooke,PHI,cookedu01,FALSE,1,1948,1948,6,6,0.5,6,6,0
120117,Mel Ott,SFG,ottme01,TRUE,7,1942,1948,464,530,0.467,3,8,10
121540,Muddy Ruel,BAL,ruelmu01,FALSE,1,1947,1947,59,95,0.383,8,8,0
112854,Joe Cronin,BOS,cronijo01,TRUE,13,1935,1947,1071,916,0.539,1,7,7
122933,Clyde Sukeforth,LAD,sukefcl01,FALSE,1,1947,1947,2,0,1,1,1,0
111120,Ossie Bluege,MIN,bluegos01,FALSE,5,1943,1947,375,394,0.488,2,8,4
111783,Bill Burwell,PIT,burwebi01,FALSE,1,1947,1947,1,0,1,7,7,0
115809,Billy Herman,PIT,hermabi01,TRUE,1,1947,1947,61,92,0.399,7,7,3
122022,Luke Sewell,BAL,sewellu01,FALSE,6,1941,1946,432,410,0.513,1,7,6
113685,Jimmy Dykes,CHW,dykesji01,FALSE,13,1934,1946,899,940,0.489,3,8,35
118766,Bill McKechnie,CIN,mckecbi01,TRUE,9,1938,1946,744,631,0.541,1,7,6
114998,Hank Gowdy,CIN,gowdyha01,FALSE,1,1946,1946,3,1,0.75,6,6,0
113340,Bill Dickey,NYY,dickebi01,TRUE,1,1946,1946,57,48,0.543,3,3,0
524329,Joe McCarthy,NYY,mccarjo99,TRUE,16,1931,1946,1460,867,0.627,1,4,6
119728,Johnny Neun,NYY,neunjo01,FALSE,1,1946,1946,8,6,0.571,3,3,0
114448,Frankie Frisch,PIT,friscfr01,TRUE,7,1940,1946,539,528,0.505,2,7,51
113143,Spud Davis,PIT,davissp01,FALSE,1,1946,1946,1,2,0.333,7,7,0
112486,Bob Coleman,ATL,colembo01,FALSE,3,1943,1945,128,165,0.437,6,6,0
111025,Del Bissonette,ATL,bissode01,FALSE,1,1945,1945,25,34,0.424,6,6,1
114203,Freddie Fitzsimmons,PHI,fitzsfr01,FALSE,3,1943,1945,104,180,0.366,7,8,1
122551,Billy Southworth,STL,southbi01,TRUE,7,1929,1945,620,346,0.642,1,4,3
124403,Jimmie Wilson,CHC,wilsoji01,FALSE,4,1941,1944,213,258,0.452,4,6,10
116626,Roy Johnson,CHC,johnsro01,FALSE,1,1944,1944,0,1,0,4,4,0
122737,Casey Stengel,ATL,stengca01,TRUE,6,1938,1943,373,491,0.432,5,7,14
115534,Bucky Harris,PHI,harribu01,TRUE,1,1943,1943,39,53,0.424,7,7,0
110468,Del Baker,DET,bakerde01,FALSE,8,1933,1942,417,355,0.54,1,5,2
117846,Hans Lobert,PHI,loberha01,FALSE,2,1938,1942,42,111,0.275,8,8,3
115416,Fred Haney,BAL,haneyfr01,FALSE,3,1939,1941,125,227,0.355,6,8,6
120344,Roger Peckinpaugh,CLE,peckiro01,FALSE,7,1928,1941,490,481,0.505,3,7,7
120780,Doc Prothro,PHI,prothdo01,FALSE,3,1939,1941,138,320,0.301,8,8,2
123203,Bill Terry,SFG,terrybi01,TRUE,10,1932,1941,823,661,0.555,1,6,3
115572,Gabby Hartnett,CHC,hartnga01,TRUE,3,1938,1940,203,176,0.536,1,5,2
123742,Ossie Vitt,CLE,vittos01,FALSE,3,1938,1940,262,198,0.57,2,3,3
114936,Mike González,STL,gonzami01,FALSE,2,1938,1940,9,13,0.409,3,6,0
111051,Ray Blades,STL,bladera01,FALSE,2,1939,1940,106,85,0.555,2,3,1
118084,Earle Mack,OAK,mackea01,FALSE,2,1937,1939,45,77,0.369,7,7,1
123446,Pie Traynor,PIT,traynpi01,TRUE,6,1934,1939,457,406,0.53,2,6,3
122865,Gabby Street,BAL,streega01,FALSE,1,1938,1938,53,90,0.371,7,7,3
118933,Ski Melillo,BAL,melilsk01,FALSE,1,1938,1938,2,7,0.222,7,7,0
112437,Mickey Cochrane,DET,cochrmi01,TRUE,5,1934,1938,348,250,0.582,1,4,0
115162,Burleigh Grimes,LAD,grimebu01,TRUE,2,1937,1938,131,171,0.434,6,7,15
124403,Jimmie Wilson,PHI,wilsoji01,FALSE,5,1934,1938,280,477,0.37,7,8,7
114448,Frankie Frisch,STL,friscfr01,TRUE,6,1933,1938,458,354,0.564,1,6,21
118766,Bill McKechnie,ATL,mckecbi01,TRUE,8,1930,1937,560,666,0.457,4,8,11
111266,Jim Bottomley,BAL,bottoji01,TRUE,1,1937,1937,21,56,0.273,8,8,0
123864,Bobby Wallace,CIN,wallabo01,TRUE,1,1937,1937,5,20,0.2,8,8,0
113557,Chuck Dressen,CIN,dressch01,FALSE,4,1934,1937,214,282,0.431,5,8,7
120031,Steve O'Neill,CLE,o'neist01,FALSE,3,1935,1937,199,168,0.542,3,5,2
120423,Cy Perkins,DET,perkicy01,FALSE,1,1937,1937,6,9,0.4,2,2,0
122737,Casey Stengel,LAD,stengca01,TRUE,3,1934,1936,208,251,0.453,5,7,9
116635,Walter Johnson,CLE,johnswa01,TRUE,3,1933,1935,179,168,0.516,3,4,0
115534,Bucky Harris,BOS,harribu01,TRUE,1,1934,1934,76,76,0.5,4,4,0
114289,Lew Fonseca,CHW,fonsele01,FALSE,3,1932,1934,120,196,0.38,6,8,1
119947,Bob O'Farrell,CIN,o'farbo01,FALSE,1,1934,1934,30,60,0.333,8,8,0
122192,Burt Shotton,CIN,shottbu01,FALSE,1,1934,1934,1,0,1,8,8,0
112854,Joe Cronin,MIN,cronijo01,TRUE,2,1933,1934,165,139,0.543,1,7,1
114750,George Gibson,PIT,gibsoge01,FALSE,6,1920,1934,401,330,0.549,2,5,6
122546,Allan Sothoron,BAL,sothoal01,FALSE,1,1933,1933,2,6,0.25,8,8,0
117055,Bill Killefer,BAL,killebi01,FALSE,4,1930,1933,224,329,0.405,5,8,3
118822,Marty McManus,BOS,mcmanma01,FALSE,2,1932,1933,95,153,0.383,7,8,4
111794,Donie Bush,CIN,bushdo01,FALSE,1,1933,1933,58,94,0.382,8,8,1
113988,Bibb Falk,CLE,falkbi01,FALSE,1,1933,1933,1,0,1,4,4,0
111989,Max Carey,LAD,careyma01,TRUE,2,1932,1933,146,161,0.476,3,6,7
122192,Burt Shotton,PHI,shottbu01,FALSE,6,1928,1933,370,549,0.403,4,8,1
122865,Gabby Street,STL,streega01,FALSE,5,1929,1933,312,242,0.563,1,6,11
112513,Shano Collins,BOS,collish01,FALSE,2,1931,1932,73,134,0.353,6,8,0
116156,Rogers Hornsby,CHC,hornsro01,TRUE,3,1930,1932,141,116,0.549,1,3,1
116235,Dan Howley,CIN,howleda01,FALSE,3,1930,1932,177,285,0.383,7,8,1
116635,Walter Johnson,MIN,johnswa01,TRUE,4,1929,1932,350,264,0.57,2,5,0
118726,John McGraw,SFG,mcgrajo01,TRUE,31,1902,1932,2583,1790,0.591,1,8,108
111794,Donie Bush,CHW,bushdo01,FALSE,2,1930,1931,118,189,0.384,7,8,5
121322,Wilbert Robinson,LAD,robinwi01,TRUE,18,1914,1931,1375,1341,0.506,1,7,3
113862,Jewel Ens,PIT,ensje01,FALSE,3,1929,1931,176,167,0.513,2,5,0
123779,Heinie Wagner,BOS,wagnehe01,FALSE,1,1930,1930,52,102,0.338,8,8,0
524329,Joe McCarthy,CHC,mccarjo99,TRUE,5,1926,1930,442,321,0.579,1,4,5
122083,Bob Shawkey,NYY,shawkbo01,FALSE,1,1930,1930,86,68,0.558,3,3,2
0,Judge Fuchs,ATL,fuchsju99,FALSE,1,1929,1929,56,98,0.364,8,8,0
116235,Dan Howley,BAL,howleda01,FALSE,3,1927,1929,220,239,0.479,3,7,0
112038,Bill Carrigan,BOS,carribi02,FALSE,7,1913,1929,489,500,0.494,1,8,7
111046,Lena Blackburne,CHW,blackle01,FALSE,2,1928,1929,99,133,0.427,5,7,2
115758,Jack Hendricks,CIN,hendrja01,FALSE,6,1924,1929,469,450,0.51,2,7,1
114232,Art Fletcher,NYY,fletcar01,FALSE,1,1929,1929,6,5,0.545,2,2,0
116275,Miller Huggins,NYY,huggimi01,TRUE,12,1918,1929,1067,719,0.597,1,7,14
111794,Donie Bush,PIT,bushdo01,FALSE,3,1927,1929,246,178,0.58,1,4,8
118766,Bill McKechnie,STL,mckecbi01,TRUE,2,1928,1929,129,88,0.594,1,4,2
122314,Jack Slattery,ATL,slattja01,FALSE,1,1928,1928,11,20,0.355,7,7,0
116156,Rogers Hornsby,ATL,hornsro01,TRUE,1,1928,1928,39,83,0.32,7,7,1
121766,Ray Schalk,CHW,schalra01,TRUE,2,1927,1928,102,125,0.449,5,5,1
119383,George Moriarty,DET,moriage02,FALSE,2,1927,1928,150,157,0.489,4,6,0
110524,Dave Bancroft,ATL,bancrda01,TRUE,4,1924,1927,249,363,0.407,5,8,7
492661,Jack McCallister,CLE,mccalja99,FALSE,1,1927,1927,66,87,0.431,6,6,1
118753,Stuffy McInnis,PHI,mcinnst01,FALSE,1,1927,1927,51,103,0.331,8,8,5
116156,Rogers Hornsby,SFG,hornsro01,TRUE,1,1927,1927,22,10,0.688,3,3,0
119947,Bob O'Farrell,STL,o'farbo01,FALSE,1,1927,1927,92,61,0.601,2,2,0
122280,George Sisler,BAL,sislege01,TRUE,3,1924,1926,218,241,0.475,3,7,3
114277,Lee Fohl,BOS,fohlle01,FALSE,3,1924,1926,160,299,0.349,7,8,0
112506,Eddie Collins,CHW,collied01,TRUE,3,1924,1926,174,160,0.521,5,6,2
122566,Tris Speaker,CLE,speaktr01,TRUE,8,1919,1926,617,520,0.543,1,6,4
112431,Ty Cobb,DET,cobbty01,TRUE,6,1921,1926,479,444,0.519,2,6,5
114232,Art Fletcher,PHI,fletcar01,FALSE,4,1923,1926,231,378,0.379,6,8,12
118766,Bill McKechnie,PIT,mckecbi01,TRUE,5,1922,1926,409,293,0.583,1,3,10
116156,Rogers Hornsby,STL,hornsro01,TRUE,2,1925,1926,153,116,0.569,1,4,2
117055,Bill Killefer,CHC,killebi01,FALSE,5,1921,1925,300,293,0.506,4,8,8
114750,George Gibson,CHC,gibsoge01,FALSE,1,1925,1925,12,14,0.462,8,8,1
118276,Rabbit Maranville,CHC,maranra01,TRUE,1,1925,1925,23,30,0.434,8,8,1
116528,Hughie Jennings,SFG,jennihu01,TRUE,2,1924,1925,53,23,0.697,1,2,0
121181,Branch Rickey,STL,rickebr01,TRUE,7,1919,1925,458,485,0.486,3,7,1
123878,Ed Walsh,CHW,walshed01,TRUE,1,1924,1924,1,2,0.333,6,6,0
113949,Johnny Evers,CHW,eversjo01,TRUE,1,1924,1924,51,72,0.415,6,8,2
119191,Fred Mitchell,ATL,mitchfr01,FALSE,3,1921,1923,186,274,0.404,4,8,7
110389,Jimmy Austin,BAL,austiji01,FALSE,3,1913,1923,31,44,0.413,5,8,1
114277,Lee Fohl,BAL,fohlle01,FALSE,3,1921,1923,226,183,0.553,2,5,1
112183,Frank Chance,BOS,chancfr01,TRUE,1,1923,1923,61,91,0.401,8,8,0
114858,Kid Gleason,CHW,gleaski01,FALSE,5,1919,1923,392,364,0.519,1,7,3
119341,Pat Moran,CIN,moranpa01,FALSE,5,1919,1923,425,329,0.564,1,6,4
111794,Donie Bush,MIN,bushdo01,FALSE,1,1923,1923,75,78,0.49,4,4,4
113598,Hugh Duffy,BOS,duffyhu01,TRUE,2,1921,1922,136,172,0.442,5,8,1
119046,Clyde Milan,MIN,milancl01,FALSE,1,1922,1922,69,85,0.448,6,6,0
124260,Kaiser Wilhelm,PHI,wilheka01,FALSE,2,1921,1922,83,137,0.377,7,8,0
113949,Johnny Evers,CHC,eversjo01,TRUE,2,1913,1921,129,120,0.518,3,7,11
118522,George McBride,MIN,mcbrige01,FALSE,1,1921,1921,80,73,0.523,4,4,1
113465,Bill Donovan,PHI,donovbi01,FALSE,1,1921,1921,25,62,0.287,8,8,0
122651,George Stallings,ATL,stallge01,FALSE,8,1913,1920,579,597,0.492,1,7,2
111720,Jimmy Burke,BAL,burkeji01,FALSE,3,1918,1920,172,180,0.489,4,5,0
0,Ed Barrow,BOS,barroed99,TRUE,3,1918,1920,213,203,0.512,1,6,0
119191,Fred Mitchell,CHC,mitchfr01,FALSE,4,1917,1920,308,269,0.534,1,6,10
116528,Hughie Jennings,DET,jennihu01,TRUE,14,1907,1920,1131,972,0.538,1,7,24
115150,Clark Griffith,MIN,griffcl01,TRUE,9,1912,1920,693,646,0.518,2,7,17
112794,Gavvy Cravath,PHI,cravaga01,FALSE,2,1919,1920,91,137,0.399,8,8,1
114277,Lee Fohl,CLE,fohlle01,FALSE,5,1915,1919,327,310,0.513,2,7,3
112639,Jack Coombs,PHI,coombja01,FALSE,1,1919,1919,18,44,0.29,8,8,0
492619,Hugo Bezdek,PIT,bezdehu99,FALSE,3,1917,1919,166,187,0.47,4,8,7
116685,Fielder Jones,BAL,jonesfi01,FALSE,3,1916,1918,158,196,0.446,5,7,6
492685,Pants Rowland,CHW,rowlapa99,FALSE,4,1915,1918,339,247,0.578,1,6,6
118422,Christy Mathewson,CIN,mathech01,TRUE,3,1916,1918,164,176,0.482,3,7,0
115179,Heinie Groh,CIN,grohhe01,FALSE,1,1918,1918,7,3,0.7,3,3,0
119341,Pat Moran,PHI,moranpa01,FALSE,4,1915,1918,323,257,0.557,1,6,6
115758,Jack Hendricks,STL,hendrja01,FALSE,1,1918,1918,51,78,0.395,8,8,0
110635,Jack Barry,BOS,barryja01,FALSE,1,1917,1917,90,62,0.592,2,2,2
113465,Bill Donovan,NYY,donovbi01,FALSE,3,1915,1917,220,239,0.479,4,6,5
123784,Honus Wagner,PIT,wagneho01,TRUE,1,1917,1917,1,4,0.2,8,8,0
111886,Jimmy Callahan,PIT,callani01,FALSE,2,1916,1917,85,129,0.397,6,8,4
116275,Miller Huggins,STL,huggimi01,TRUE,5,1913,1917,346,415,0.455,3,8,12
123353,Joe Tinker,CHC,tinkejo01,TRUE,1,1916,1916,67,86,0.438,5,5,3
115864,Buck Herzog,CIN,herzobu01,FALSE,3,1914,1916,165,226,0.422,7,8,10
124454,Ivey Wingo,CIN,wingoiv01,FALSE,1,1916,1916,1,1,0.5,7,7,0
121181,Branch Rickey,BAL,rickebr01,TRUE,3,1913,1915,139,179,0.437,5,8,2
117176,Otto Knabe,BLT,knabeot01,FALSE,2,1914,1915,131,177,0.425,3,8,13
111433,Roger Bresnahan,CHC,bresnro01,TRUE,1,1915,1915,73,80,0.477,4,4,6
123353,Joe Tinker,CHH,tinkejo01,TRUE,2,1914,1915,173,133,0.565,1,2,6
111011,Joe Birmingham,CLE,birmijo01,FALSE,4,1912,1915,170,191,0.471,3,8,7
122843,George Stovall,KCP,stovage01,FALSE,2,1914,1915,148,156,0.487,4,6,4
118766,Bill McKechnie,NEW,mckecbi01,TRUE,1,1915,1915,54,45,0.545,5,5,3
120529,Bill Phillips,NEW,phillbi02,FALSE,2,1914,1915,114,92,0.553,1,5,0
119879,Rebel Oakes,PBS,oakesre01,FALSE,2,1914,1915,147,145,0.503,3,7,3
112352,Fred Clarke,PIT,clarkfr01,TRUE,16,1900,1915,1422,969,0.595,1,7,29
116685,Fielder Jones,SLI,jonesfi01,FALSE,2,1914,1915,99,93,0.516,2,8,5
119928,Hank O'Day,CHC,o'dayha01,TRUE,1,1914,1914,78,76,0.506,4,4,0
111886,Jimmy Callahan,CHW,callani01,FALSE,5,1903,1914,309,329,0.484,3,7,11
112183,Frank Chance,NYY,chancfr01,TRUE,2,1913,1914,117,168,0.411,6,7,5
120344,Roger Peckinpaugh,NYY,peckiro01,FALSE,1,1914,1914,10,10,0.5,6,6,0
114726,Doc Gessler,PBS,gessldo01,FALSE,1,1914,1914,3,8,0.273,7,7,0
113466,Red Dooin,PHI,dooinre01,FALSE,5,1910,1914,392,370,0.514,2,6,21
111577,Mordecai Brown,SLI,brownmo01,TRUE,1,1914,1914,50,63,0.442,8,8,1
122843,George Stovall,BAL,stovage01,FALSE,2,1912,1913,91,158,0.365,7,8,3
122639,Jake Stahl,BOS,stahlja01,FALSE,2,1912,1913,144,88,0.621,1,4,4
123353,Joe Tinker,CIN,tinkejo01,TRUE,1,1913,1913,64,89,0.418,7,7,7
112991,Bill Dahlen,LAD,dahlebi01,FALSE,4,1910,1913,251,355,0.414,6,7,36
117158,Johnny Kling,ATL,klingjo01,FALSE,1,1912,1912,52,101,0.34,8,8,3
123864,Bobby Wallace,BAL,wallabo01,TRUE,2,1911,1912,57,134,0.298,7,8,0
112183,Frank Chance,CHC,chancfr01,TRUE,8,1905,1912,768,389,0.664,1,3,10
119928,Hank O'Day,CIN,o'dayha01,TRUE,1,1912,1912,75,78,0.49,4,4,0
113111,Harry Davis,CLE,davisha01,FALSE,1,1912,1912,54,71,0.432,5,5,1
124522,Harry Wolverton,NYY,wolveha01,FALSE,1,1912,1912,50,102,0.329,8,8,4
111433,Roger Bresnahan,STL,bresnro01,TRUE,4,1909,1912,255,352,0.42,5,7,23
123188,Fred Tenney,ATL,tennefr02,FALSE,4,1905,1911,202,402,0.334,7,8,8
113461,Patsy Donovan,BOS,donovpa01,FALSE,2,1910,1911,159,147,0.52,4,5,1
113598,Hugh Duffy,CHW,duffyhu01,TRUE,2,1910,1911,145,159,0.477,4,6,0
115150,Clark Griffith,CIN,griffcl01,TRUE,3,1909,1911,222,238,0.483,4,6,18
118738,Deacon McGuire,CLE,mcguide01,FALSE,3,1909,1911,91,117,0.438,3,6,0
122843,George Stovall,CLE,stovage01,FALSE,1,1911,1911,74,62,0.544,3,3,2
118502,Jimmy McAleer,MIN,mcaleji01,FALSE,2,1910,1911,130,175,0.426,7,7,1
112216,Hal Chase,NYY,chaseha01,FALSE,2,1910,1911,86,80,0.518,2,6,0
117416,Fred Lake,ATL,lakefr01,FALSE,1,1910,1910,53,100,0.346,8,8,2
119926,Jack O'Connor,BAL,o'conja01,FALSE,1,1910,1910,47,107,0.305,8,8,1
122651,George Stallings,NYY,stallge01,FALSE,2,1909,1910,152,136,0.528,2,5,0
111289,Frank Bowerman,ATL,bowerfr01,FALSE,1,1909,1909,22,54,0.289,8,8,0
122403,Harry Smith,ATL,smithha03,FALSE,1,1909,1909,23,54,0.299,8,8,1
118502,Jimmy McAleer,BAL,mcaleji01,FALSE,8,1902,1909,551,632,0.466,2,8,5
117416,Fred Lake,BOS,lakefr01,FALSE,2,1908,1909,110,80,0.579,3,5,0
122974,Billy Sullivan,CHW,sullibi03,FALSE,1,1909,1909,78,74,0.513,4,4,0
117414,Nap Lajoie,CLE,lajoina01,TRUE,5,1905,1909,377,309,0.55,2,6,3
118000,Harry Lumley,LAD,lumleha01,FALSE,1,1909,1909,55,98,0.359,6,6,1
492630,Joe Cantillon,MIN,cantijo99,FALSE,3,1907,1909,158,297,0.347,7,8,3
492668,Billy Murray,PHI,murrabi99,FALSE,3,1907,1909,240,214,0.529,3,5,2
116926,Joe Kelley,ATL,kellejo01,TRUE,1,1908,1908,63,91,0.409,6,6,7
118738,Deacon McGuire,BOS,mcguide01,FALSE,2,1907,1908,98,123,0.443,5,7,6
116685,Fielder Jones,CHW,jonesfi01,FALSE,5,1904,1908,426,293,0.592,1,3,20
114572,John Ganzel,CIN,ganzejo01,FALSE,1,1908,1908,73,81,0.474,5,5,3
113461,Patsy Donovan,LAD,donovpa01,FALSE,3,1906,1908,184,270,0.405,5,7,2
115150,Clark Griffith,NYY,griffcl01,TRUE,6,1903,1908,419,370,0.531,2,8,23
113790,Kid Elberfeld,NYY,elberki01,FALSE,1,1908,1908,27,71,0.276,8,8,4
580248,John McCloskey,STL,mcclojo99,FALSE,3,1906,1908,153,304,0.335,7,8,1
123567,Bob Unglaub,BOS,unglabo01,FALSE,1,1907,1907,9,20,0.31,7,7,1
124692,Cy Young,BOS,youngcy01,TRUE,1,1907,1907,3,3,0.5,7,7,0
492653,George Huff,BOS,huffge99,FALSE,1,1907,1907,2,6,0.25,7,7,0
115424,Ned Hanlon,CIN,hanlone01,TRUE,2,1906,1907,130,174,0.428,6,6,0
122638,Chick Stahl,BOS,stahlch01,FALSE,1,1906,1906,14,26,0.35,8,8,0
112511,Jimmy Collins,BOS,colliji01,TRUE,6,1901,1906,455,376,0.548,1,8,6
492615,Bill Armour,DET,armoubi99,FALSE,2,1905,1906,150,152,0.497,3,6,3
122639,Jake Stahl,MIN,stahlja01,FALSE,2,1905,1906,119,182,0.395,7,7,6
113598,Hugh Duffy,PHI,duffyhu01,TRUE,3,1904,1906,206,251,0.451,4,8,6
0,Frank Selee,CHC,seleefr99,TRUE,4,1902,1905,280,213,0.568,2,5,0
116926,Joe Kelley,CIN,kellejo01,TRUE,4,1902,1905,275,230,0.545,3,5,18
111353,Bill Bradley,CLE,bradlbi01,FALSE,1,1905,1905,20,21,0.488,5,5,1
115424,Ned Hanlon,LAD,hanlone01,TRUE,7,1899,1905,511,488,0.512,1,8,0
111720,Jimmy Burke,STL,burkeji01,FALSE,1,1905,1905,34,56,0.378,6,6,1
119761,Kid Nichols,STL,nichoki01,TRUE,2,1904,1905,80,88,0.476,5,6,0
0,Stan Robison,STL,robisst99,FALSE,1,1905,1905,19,31,0.38,6,6,0
492625,Al Buckenberger,ATL,buckeal99,FALSE,3,1902,1904,186,242,0.435,3,7,0
492615,Bill Armour,CLE,armoubi99,FALSE,3,1902,1904,232,195,0.543,3,5,0
117959,Bobby Lowe,DET,lowebo01,FALSE,1,1904,1904,30,44,0.405,7,7,0
0,Ed Barrow,DET,barroed99,TRUE,2,1903,1904,97,117,0.453,5,7,1
117133,Malachi Kittridge,MIN,kittrma01,FALSE,1,1904,1904,1,16,0.059,8,8,0
113461,Patsy Donovan,MIN,donovpa01,FALSE,1,1904,1904,37,97,0.276,8,8,0
117866,Tom Loftus,MIN,loftuto01,FALSE,2,1902,1903,104,169,0.381,6,8,1
124767,Charles Zimmer,PHI,zimmech01,FALSE,1,1903,1903,49,86,0.363,7,7,0
113461,Patsy Donovan,STL,donovpa01,FALSE,3,1901,1903,175,236,0.426,4,8,1
115150,Clark Griffith,CHW,griffcl01,TRUE,2,1901,1902,157,113,0.581,1,4,15
118860,Bid McPhee,CIN,mcphebi01,TRUE,2,1901,1902,79,124,0.389,4,8,0
492616,Frank Bancroft,CIN,bancrfr99,FALSE,1,1902,1902,9,7,0.563,4,4,0
113675,Frank Dwyer,DET,dwyerfr01,FALSE,1,1902,1902,52,83,0.385,7,7,0
492692,Bill Shettsline,PHI,shettbi99,FALSE,5,1898,1902,367,303,0.548,2,7,0
122394,Heinie Smith,SFG,smithhe01,FALSE,1,1902,1902,5,27,0.156,8,8,0
492639,Horace Fogel,SFG,fogelho99,FALSE,1,1902,1902,18,23,0.439,8,8,0
0,Frank Selee,ATL,seleefr99,TRUE,12,1890,1901,1004,649,0.607,1,6,0
113598,Hugh Duffy,BAL,duffyhu01,TRUE,1,1901,1901,48,89,0.35,8,8,3
117866,Tom Loftus,CHC,loftuto01,FALSE,2,1900,1901,118,161,0.423,6,6,0
118502,Jimmy McAleer,CLE,mcaleji01,FALSE,1,1901,1901,54,82,0.397,7,7,0
122651,George Stallings,DET,stallge01,FALSE,1,1901,1901,74,61,0.548,3,3,0
118244,Jim Manning,MIN,manniji01,FALSE,1,1901,1901,61,72,0.459,6,6,0
113106,George Davis,SFG,davisge01,TRUE,3,1895,1901,107,139,0.435,7,9,4
110160,Bob Allen,CIN,allenbo01,FALSE,1,1900,1900,62,77,0.446,7,7,0
113959,Buck Ewing,SFG,ewingbu01,TRUE,1,1900,1900,21,41,0.339,8,8,0
492648,Louie Heilbroner,STL,heilblo99,FALSE,1,1900,1900,23,25,0.479,5,5,0
123170,Patsy Tebeau,STL,tebeapa01,FALSE,2,1899,1900,126,117,0.519,5,5,1
118726,John McGraw,BLO,mcgrajo01,TRUE,1,1899,1899,86,62,0.581,4,4,5
111758,Tom Burns,CHC,burnsto01,FALSE,2,1898,1899,160,138,0.537,4,8,0
113959,Buck Ewing,CIN,ewingbu01,TRUE,5,1895,1899,394,297,0.57,3,8,1
120845,Joe Quinn,CLV,quinnjo02,FALSE,1,1899,1899,12,104,0.103,12,12,0
112867,Lave Cross,CLV,crossla01,FALSE,1,1899,1899,8,30,0.211,12,12,2
112352,Fred Clarke,LOU,clarkfr01,TRUE,3,1897,1899,180,212,0.459,9,11,6
123979,Bill Watkins,PIT,watkibi01,FALSE,2,1898,1899,79,91,0.465,7,8,0
113461,Patsy Donovan,PIT,donovpa01,FALSE,2,1897,1899,129,129,0.5,7,8,2
0,Fred Hoey,SFG,hoeyfr99,FALSE,1,1899,1899,31,55,0.36,10,10,0
557547,John Day,SFG,dayjo99,FALSE,1,1899,1899,29,35,0.453,10,10,0
116406,Arthur Irwin,WAS,irwinar01,FALSE,3,1892,1899,110,177,0.383,7,12,0
115424,Ned Hanlon,BLO,hanlone01,TRUE,7,1892,1898,555,369,0.601,1,12,0
123170,Patsy Tebeau,CLV,tebeapa01,FALSE,8,1891,1898,579,436,0.57,1,6,15
110599,Billy Barnie,LAD,barnibi01,FALSE,2,1897,1898,76,91,0.455,7,10,0
492637,Charlie Ebbets,LAD,ebbetch99,FALSE,1,1898,1898,38,68,0.358,10,10,0
115143,Mike Griffin,LAD,griffmi01,FALSE,1,1898,1898,1,3,0.25,10,10,0
122651,George Stallings,PHI,stallge01,FALSE,2,1897,1898,74,104,0.416,6,10,0
116779,Bill Joyce,SFG,joycebi01,FALSE,3,1896,1898,179,122,0.595,3,7,6
110284,Cap Anson,SFG,ansonca01,TRUE,1,1898,1898,9,13,0.409,7,7,1
0,Tim Hurst,STL,hurstti99,FALSE,1,1898,1898,39,111,0.26,12,12,0
118738,Deacon McGuire,WAS,mcguide01,FALSE,1,1898,1898,21,47,0.309,11,11,0
113528,Jack Doyle,WAS,doyleja01,FALSE,1,1898,1898,8,9,0.471,11,11,0
111595,Tom Brown,WAS,brownto01,FALSE,2,1897,1898,64,72,0.471,6,11,2
110284,Cap Anson,CHC,ansonca01,TRUE,19,1879,1897,1282,932,0.579,1,9,6
121383,Jim Rogers,LOU,rogerji01,FALSE,1,1897,1897,17,24,0.415,11,11,1
115366,Bill Hallman,STL,hallmbi01,FALSE,1,1897,1897,13,36,0.265,12,12,1
0,Chris Von Der Ahe,STL,vondech99,FALSE,3,1895,1897,3,14,0.176,11,12,0
119777,Hugh Nicol,STL,nicolhu01,FALSE,1,1897,1897,8,32,0.2,12,12,0
113508,Tommy Dowd,STL,dowdto01,FALSE,2,1896,1897,31,60,0.341,11,12,0
492689,Gus Schmelz,WAS,schmegu99,FALSE,4,1894,1897,155,270,0.365,6,11,0
114346,Dave Foutz,LAD,foutzda01,FALSE,4,1893,1896,264,257,0.507,5,10,0
118742,Bill McGunnigle,LOU,mcgunbi01,FALSE,1,1896,1896,36,76,0.321,12,12,1
580248,John McCloskey,LOU,mcclojo99,FALSE,2,1895,1896,37,113,0.247,12,12,2
119661,Billy Nash,PHI,nashbi01,FALSE,1,1896,1896,62,68,0.477,8,8,0
118082,Connie Mack,PIT,mackco01,TRUE,3,1894,1896,149,134,0.527,6,7,1
116406,Arthur Irwin,SFG,irwinar01,FALSE,1,1896,1896,36,53,0.404,7,7,0
117528,Arlie Latham,STL,lathaar01,FALSE,1,1896,1896,0,3,0,11,11,0
492636,Harry Diddlebock,STL,diddlha99,FALSE,1,1896,1896,7,10,0.412,11,11,0
112589,Roger Connor,STL,connoro01,TRUE,1,1896,1896,8,37,0.178,11,11,0
116406,Arthur Irwin,PHI,irwinar01,FALSE,2,1894,1895,149,110,0.575,3,4,0
492700,Harvey Watkins,SFG,watkiha99,FALSE,1,1895,1895,18,17,0.514,9,9,0
113528,Jack Doyle,SFG,doyleja01,FALSE,1,1895,1895,32,31,0.508,9,9,2
492625,Al Buckenberger,STL,buckeal99,FALSE,1,1895,1895,16,34,0.32,11,11,0
120845,Joe Quinn,STL,quinnjo02,FALSE,1,1895,1895,11,28,0.282,11,11,0
0,Lou Phelan,STL,phelale99,FALSE,1,1895,1895,11,30,0.268,11,11,0
112539,Charlie Comiskey,CIN,comisch01,TRUE,3,1892,1894,202,206,0.495,4,10,1
110599,Billy Barnie,LOU,barnibi01,FALSE,2,1893,1894,86,169,0.337,11,12,0
492625,Al Buckenberger,PIT,buckeal99,FALSE,3,1892,1894,187,144,0.565,2,7,0
123921,John Ward,SFG,wardjo01,TRUE,3,1884,1894,162,116,0.583,2,5,1
119077,Doggie Miller,STL,milledo01,FALSE,1,1894,1894,56,76,0.424,9,9,1
124617,Harry Wright,PHI,wrighha01,TRUE,10,1884,1893,636,566,0.529,2,6,0
123979,Bill Watkins,STL,watkibi01,FALSE,1,1893,1893,57,75,0.432,10,10,0
120054,Jim O'Rourke,WAS,o'rouji01,TRUE,1,1893,1893,40,89,0.31,12,12,0
123646,George Van Haltren,BLO,vanhage01,FALSE,1,1892,1892,1,10,0.091,12,12,0
492699,John Waltz,BLO,waltzjo99,FALSE,1,1892,1892,2,6,0.25,12,12,0
123921,John Ward,LAD,wardjo01,TRUE,2,1891,1892,156,135,0.536,2,6,1
120494,Fred Pfeffer,LOU,pfefffr01,FALSE,1,1892,1892,42,56,0.429,9,11,0
112200,Jack Chapman,LOU,chapmja01,FALSE,4,1889,1892,164,166,0.497,1,11,0
111758,Tom Burns,PIT,burnsto01,FALSE,1,1892,1892,27,32,0.458,4,6,0
492681,Pat Powers,SFG,powerpa99,FALSE,1,1892,1892,71,80,0.47,6,10,0
112072,Bob Caruthers,STL,carutbo01,FALSE,1,1892,1892,16,32,0.333,11,11,0
122871,Cub Stricker,STL,striccu01,FALSE,1,1892,1892,6,17,0.261,9,9,0
114972,George Gore,STL,gorege01,FALSE,1,1892,1892,6,9,0.4,11,11,0
112857,Jack Crooks,STL,crookja01,FALSE,1,1892,1892,27,33,0.45,9,11,0
114846,Jack Glasscock,STL,glassja01,FALSE,1,1892,1892,1,3,0.25,9,9,0
110599,Billy Barnie,WAS,barnibi01,FALSE,1,1892,1892,0,2,0,7,7,0
121155,Danny Richardson,WAS,richada01,FALSE,1,1892,1892,12,31,0.279,12,12,0
110599,Billy Barnie,BLO,barnibi01,FALSE,9,1883,1891,470,548,0.462,3,8,0
116406,Arthur Irwin,BRS,irwinar01,FALSE,1,1891,1891,93,42,0.689,1,1,0
117866,Tom Loftus,CIN,loftuto01,FALSE,2,1890,1891,133,136,0.494,4,7,0
116953,King Kelly,CKK,kellyki01,TRUE,1,1891,1891,43,57,0.43,7,7,0
492689,Gus Schmelz,CLS,schmegu99,FALSE,2,1890,1891,99,89,0.527,2,6,0
492658,Bob Leadley,CLV,leadlbo99,FALSE,2,1890,1891,57,67,0.46,5,7,0
492634,Charlie Cushman,MLA,cushmch99,FALSE,1,1891,1891,21,15,0.583,3,3,0
0,Bill Sharsig,PHQ,sharsbi99,FALSE,1,1891,1891,6,11,0.353,4,4,0
124531,George Wood,PHQ,woodge01,FALSE,1,1891,1891,67,55,0.549,4,4,0
118742,Bill McGunnigle,PIT,mcgunbi01,FALSE,1,1891,1891,24,33,0.421,8,8,0
115424,Ned Hanlon,PIT,hanlone01,TRUE,2,1889,1891,57,65,0.467,5,8,2
492669,Jim Mutrie,SFG,mutriji99,FALSE,7,1885,1891,529,345,0.605,1,6,0
112539,Charlie Comiskey,STL,comisch01,TRUE,8,1883,1891,562,272,0.674,1,4,0
122052,Dan Shannon,WAS,shannda01,FALSE,1,1891,1891,15,34,0.306,8,8,0
122501,Pop Snyder,WAS,snydepo01,FALSE,1,1891,1891,23,46,0.333,8,8,0
123476,Sam Trott,WAS,trottsa01,FALSE,1,1891,1891,4,7,0.364,9,9,0
115148,Sandy Griffin,WAS,griffsa01,FALSE,1,1891,1891,2,4,0.333,8,8,0
121505,Jack Rowe,BFB,roweja01,FALSE,1,1890,1890,27,72,0.273,8,8,0
113964,Jay Faatz,BFB,faatzja01,FALSE,1,1890,1890,9,24,0.273,8,8,0
0,Jim Kennedy,BRG,kenneji99,FALSE,1,1890,1890,26,73,0.263,9,9,0
116953,King Kelly,BRS,kellyki01,TRUE,1,1890,1890,81,48,0.628,1,1,0
123921,John Ward,BWW,wardjo01,TRUE,1,1890,1890,76,56,0.576,2,2,1
112539,Charlie Comiskey,CHP,comisch01,TRUE,1,1890,1890,75,62,0.547,4,4,0
117505,Henry Larkin,CLI,larkihe01,FALSE,1,1890,1890,34,45,0.43,7,7,0
123170,Patsy Tebeau,CLI,tebeapa01,FALSE,1,1890,1890,21,30,0.412,7,7,1
492625,Al Buckenberger,CLS,buckeal99,FALSE,2,1889,1890,99,119,0.454,2,6,0
0,Pat Sullivan,CLS,sullipa99,FALSE,1,1890,1890,2,1,0.667,2,2,0
492689,Gus Schmelz,CLV,schmegu99,FALSE,1,1890,1890,21,55,0.276,7,7,0
118742,Bill McGunnigle,LAD,mcgunbi01,FALSE,3,1888,1890,267,139,0.658,1,2,0
115424,Ned Hanlon,PBB,hanlone01,TRUE,1,1890,1890,60,68,0.469,6,6,1
0,Bill Sharsig,PHA,sharsbi99,FALSE,4,1886,1890,232,205,0.531,3,8,0
120965,Al Reach,PHI,reachal01,FALSE,1,1890,1890,4,7,0.364,3,3,0
110160,Bob Allen,PHI,allenbo01,FALSE,1,1890,1890,25,10,0.714,3,3,0
112393,Jack Clements,PHI,clemeja01,FALSE,1,1890,1890,13,6,0.684,3,3,0
111672,Charlie Buffinton,PHQ,buffich01,FALSE,1,1890,1890,61,54,0.53,5,5,0
114275,Jim Fogarty,PHQ,fogarji01,FALSE,1,1890,1890,7,9,0.438,5,5,0
115688,Guy Hecker,PIT,heckegu01,FALSE,1,1890,1890,23,113,0.169,8,8,0
492681,Pat Powers,ROC,powerpa99,FALSE,1,1890,1890,63,63,0.5,5,5,0
111919,Count Campau,STL,campaco01,FALSE,1,1890,1890,27,14,0.659,3,3,0
121460,James Roseman,STL,rosemch01,FALSE,1,1890,1890,7,8,0.467,3,3,0
114714,Joe Gerhardt,STL,gerhajo01,FALSE,1,1890,1890,20,16,0.556,3,3,0
117009,John Kerins,STL,kerinjo01,FALSE,1,1890,1890,9,8,0.529,3,3,0
118554,Tommy McCarthy,STL,mccarto01,TRUE,1,1890,1890,15,12,0.556,3,3,0
0,George Frazier,SYS,frazege99,FALSE,1,1890,1890,51,65,0.44,6,6,0
492638,Wally Fessenden,SYS,fessewa99,FALSE,1,1890,1890,4,7,0.364,6,6,0
119424,Charlie Morton,TLM,mortoch01,FALSE,1,1890,1890,68,64,0.515,4,4,0
492647,Jim Hart,ATL,hartji99,FALSE,1,1889,1889,83,45,0.648,2,2,0
492689,Gus Schmelz,CIN,schmegu99,FALSE,3,1887,1889,237,171,0.581,2,4,0
117866,Tom Loftus,CLV,loftuto01,FALSE,2,1888,1889,91,110,0.453,6,6,0
492616,Frank Bancroft,IND,bancrfr99,FALSE,1,1889,1889,25,43,0.368,7,7,0
114846,Jack Glasscock,IND,glassja01,FALSE,1,1889,1889,34,32,0.515,7,7,0
123979,Bill Watkins,KCC,watkibi01,FALSE,2,1888,1889,63,99,0.389,7,8,0
124509,Chicken Wolf,LOU,wolfji01,FALSE,1,1889,1889,14,51,0.215,8,8,0
122052,Dan Shannon,LOU,shannda01,FALSE,1,1889,1889,10,46,0.179,8,8,1
113914,Dude Esterbrook,LOU,esterdu01,FALSE,1,1889,1889,2,8,0.2,8,8,0
113630,Fred Dunlap,PIT,dunlafr01,FALSE,1,1889,1889,7,10,0.412,5,5,0
492678,Horace Phillips,PIT,phillho99,FALSE,6,1884,1889,294,316,0.482,2,10,0
116406,Arthur Irwin,WNL,irwinar01,FALSE,1,1889,1889,28,45,0.384,8,8,0
119393,John Morrill,WNL,morrijo01,FALSE,1,1889,1889,13,38,0.255,8,8,0
119393,John Morrill,ATL,morrijo01,FALSE,7,1882,1888,335,296,0.531,1,5,0
492701,Jimmy Williams,CLV,williji99,FALSE,2,1887,1888,59,136,0.303,6,8,0
123979,Bill Watkins,DTN,watkibi01,FALSE,4,1885,1888,249,161,0.607,1,6,0
492658,Bob Leadley,DTN,leadlbo99,FALSE,1,1888,1888,19,19,0.5,5,5,0
0,Harry Spence,IND,spencha99,FALSE,1,1888,1888,50,85,0.37,7,7,0
121502,Dave Rowe,KCC,roweda01,FALSE,1,1888,1888,14,36,0.28,8,8,0
110570,Sam Barkley,KCC,barklsa01,FALSE,1,1888,1888,21,36,0.368,8,8,0
117009,John Kerins,LOU,kerinjo01,FALSE,1,1888,1888,3,4,0.429,7,7,0
116949,Kick Kelly,LOU,kellyki02,FALSE,2,1887,1888,86,89,0.491,4,7,0
0,Mordecai Davidson,LOU,davidmo99,FALSE,1,1888,1888,35,54,0.393,7,7,0
122970,Ted Sullivan,WNL,sullite01,FALSE,1,1888,1888,38,57,0.4,8,8,0
0,Walter Hewett,WNL,hewetwa99,FALSE,1,1888,1888,10,29,0.256,8,8,0
116953,King Kelly,ATL,kellyki01,TRUE,1,1887,1887,49,43,0.533,5,5,0
0,Fred Thomas,IND,thomafr99,FALSE,1,1887,1887,11,18,0.379,8,8,0
492639,Horace Fogel,IND,fogelho99,FALSE,1,1887,1887,20,49,0.29,8,8,0
492626,Watch Burnham,IND,burnhwa99,FALSE,1,1887,1887,6,22,0.214,8,8,0
0,Charlie Byrne,LAD,byrnech99,FALSE,3,1885,1887,174,172,0.503,3,6,0
114069,Bob Ferguson,NYP,fergubo01,FALSE,2,1886,1887,54,94,0.365,7,7,0
120063,Dave Orr,NYP,orrda01,FALSE,1,1887,1887,3,5,0.375,7,7,0
492631,Ollie Caylor,NYP,cayloop99,FALSE,1,1887,1887,35,60,0.368,7,7,0
118396,Charlie Mason,PHA,masonch01,FALSE,1,1887,1887,38,40,0.487,5,5,0
492616,Frank Bancroft,PHA,bancrfr99,FALSE,1,1887,1887,26,29,0.473,5,5,0
492642,John Gaffney,WNL,gaffnjo99,FALSE,2,1886,1887,61,101,0.377,7,8,0
492631,Ollie Caylor,CIN,cayloop99,FALSE,2,1885,1886,128,122,0.512,2,5,0
121502,Dave Rowe,KCN,roweda01,FALSE,1,1886,1886,30,91,0.248,7,7,0
492647,Jim Hart,LOU,hartji99,FALSE,2,1885,1886,119,129,0.48,4,6,0
492644,Jim Gifford,NYP,giffoji99,FALSE,2,1885,1886,49,76,0.392,7,7,0
492693,Lew Simmons,PHA,simmole99,FALSE,1,1886,1886,41,55,0.427,6,6,0
492689,Gus Schmelz,SLM,schmegu99,FALSE,1,1886,1886,43,79,0.352,6,6,0
0,Mike Scanlon,WNL,scanlmi99,FALSE,1,1886,1886,13,67,0.163,8,8,0
112200,Jack Chapman,BUF,chapmja01,FALSE,1,1885,1885,31,57,0.352,7,7,0
114552,Pud Galvin,BUF,galvipu01,TRUE,1,1885,1885,7,17,0.292,7,7,0
119424,Charlie Morton,DTN,mortoch01,FALSE,1,1885,1885,7,31,0.184,6,6,0
0,Charlie Hackett,LAD,hackech99,FALSE,1,1885,1885,15,22,0.405,5,5,0
122845,Harry Stovey,PHA,stoveha01,FALSE,1,1885,1885,55,57,0.491,4,4,0
492616,Frank Bancroft,PRO,bancrfr99,FALSE,2,1884,1885,137,85,0.617,1,4,0
118784,Alex McKinnon,SLM,mckinal01,FALSE,1,1885,1885,6,32,0.158,8,8,0
113630,Fred Dunlap,SLM,dunlafr01,FALSE,2,1884,1885,96,56,0.632,1,8,0
0,Bill Henderson,BLU,hendebi99,FALSE,1,1884,1884,58,47,0.552,4,4,0
120054,Jim O'Rourke,BUF,o'rouji01,TRUE,4,1881,1884,206,169,0.549,3,5,0
492689,Gus Schmelz,CBK,schmegu99,FALSE,1,1884,1884,69,39,0.639,2,2,0
0,Charlie Hackett,CBL,hackech99,FALSE,1,1884,1884,35,77,0.313,7,7,0
122501,Pop Snyder,CIN,snydepo01,FALSE,3,1882,1884,140,76,0.648,1,5,0
124194,Will White,CIN,whitewi01,FALSE,1,1884,1884,44,27,0.62,5,5,0
119974,Dan O'Leary,COR,o'leada01,FALSE,1,1884,1884,20,15,0.571,3,3,0
112793,Sam Crane,COR,cranesa01,FALSE,1,1884,1884,49,21,0.7,3,3,0
112200,Jack Chapman,DTN,chapmja01,FALSE,2,1883,1884,68,142,0.324,7,8,0
124143,Harry Wheeler,KCU,wheelha01,FALSE,1,1884,1884,0,4,0,8,8,0
120682,Matthew Porter,KCU,portema01,FALSE,1,1884,1884,3,13,0.188,8,8,0
122970,Ted Sullivan,KCU,sullite01,FALSE,1,1884,1884,13,46,0.22,8,8,0
492695,George Taylor,LAD,tayloge99,FALSE,1,1884,1884,40,64,0.385,9,9,0
492698,Mike Walsh,LOU,walshmi99,FALSE,1,1884,1884,68,40,0.63,3,3,0
117866,Tom Loftus,MLU,loftuto01,FALSE,1,1884,1884,8,4,0.667,5,5,0
492669,Jim Mutrie,NYP,mutriji99,FALSE,2,1883,1884,129,74,0.635,1,4,0
117190,Lon Knight,PHA,knighlo01,FALSE,2,1883,1884,127,78,0.62,1,7,0
118211,Fergy Malone,PHK,malonfe01,FALSE,1,1884,1884,21,46,0.313,8,8,0
114069,Bob Ferguson,PIT,fergubo01,FALSE,1,1884,1884,11,31,0.262,10,10,0
0,Denny McKnight,PIT,mcknide99,FALSE,1,1884,1884,4,8,0.333,10,10,0
112809,George Creamer,PIT,creamge01,FALSE,1,1884,1884,0,8,0,10,10,0
110691,Joe Battin,PIT,battijo01,FALSE,2,1883,1884,8,18,0.308,7,10,0
492667,Felix Moses,RIC,mosesfe99,FALSE,1,1884,1884,12,30,0.286,10,10,0
564813,Jim Price,SFG,priceji99,FALSE,1,1884,1884,56,42,0.571,4,4,0
122970,Ted Sullivan,SLM,sullite01,FALSE,1,1884,1884,28,3,0.903,1,1,0
492701,Jimmy Williams,STL,williji99,FALSE,1,1884,1884,51,33,0.607,4,4,0
119424,Charlie Morton,TOL,mortoch01,FALSE,1,1884,1884,46,58,0.442,8,8,0
122244,Joe Simmons,WIL,simmojo01,FALSE,1,1884,1884,2,16,0.111,12,12,0
111703,Jack Burdock,ATL,burdoja01,FALSE,1,1883,1883,30,24,0.556,1,1,0
492678,Horace Phillips,CBK,phillho99,FALSE,1,1883,1883,32,65,0.33,6,6,0
492616,Frank Bancroft,CBL,bancrfr99,FALSE,1,1883,1883,55,42,0.567,4,4,0
114714,Joe Gerhardt,LOU,gerhajo01,FALSE,1,1883,1883,52,45,0.536,5,5,0
120804,Blondie Purcell,PHI,purcebl01,FALSE,1,1883,1883,13,68,0.16,8,8,0
114069,Bob Ferguson,PHI,fergubo01,FALSE,1,1883,1883,4,13,0.235,8,8,0
120742,Al Pratt,PIT,prattal01,FALSE,2,1882,1883,51,59,0.464,4,7,0
492627,Ormond Butler,PIT,butleor99,FALSE,1,1883,1883,17,36,0.321,7,7,0
124617,Harry Wright,PRO,wrighha01,TRUE,2,1882,1883,110,72,0.604,2,3,0
112311,John Clapp,SFG,clappjo01,FALSE,1,1883,1883,46,50,0.479,6,6,0
122970,Ted Sullivan,STL,sullite01,FALSE,1,1883,1883,53,26,0.671,2,2,0
119617,Henry Myers,BLO,myershe01,FALSE,1,1882,1882,19,54,0.26,6,6,0
113630,Fred Dunlap,CBL,dunlafr01,FALSE,1,1882,1882,42,36,0.538,5,5,0
118595,Jim McCormick,CBL,mccorji01,FALSE,3,1879,1882,74,96,0.435,3,6,0
492616,Frank Bancroft,DTN,bancrfr99,FALSE,2,1881,1882,83,84,0.497,4,6,0
118083,Denny Mack,LOU,mackde01,FALSE,1,1882,1882,42,38,0.525,3,3,0
117527,Jumbo Latham,PHA,lathaju01,FALSE,1,1882,1882,41,34,0.547,2,2,0
112977,Ned Cuthbert,STL,cuthbne01,FALSE,1,1882,1882,37,43,0.463,5,5,0
114069,Bob Ferguson,TRT,fergubo01,FALSE,4,1879,1882,122,157,0.437,4,8,0
492623,Freeman Brown,WOR,brownfr99,FALSE,1,1882,1882,9,32,0.22,8,8,0
112200,Jack Chapman,WOR,chapmja01,FALSE,1,1882,1882,7,30,0.189,8,8,0
111186,Tommy Bond,WOR,bondto01,FALSE,1,1882,1882,2,4,0.333,8,8,0
124617,Harry Wright,ATL,wrighha01,TRUE,6,1876,1881,254,187,0.576,1,6,0
112311,John Clapp,CBL,clappjo01,FALSE,1,1881,1881,32,41,0.438,7,7,0
118689,Mike McGeary,CBL,mcgeami01,FALSE,1,1881,1881,4,7,0.364,7,7,0
114022,Jack Farrell,PRO,farreja02,FALSE,1,1881,1881,24,27,0.471,2,2,0
124679,Tom York,PRO,yorkto01,FALSE,2,1878,1881,56,37,0.602,2,3,0
122845,Harry Stovey,WOR,stoveha01,FALSE,1,1881,1881,8,18,0.308,8,8,0
113475,Mike Dorgan,WOR,dorgami01,FALSE,1,1881,1881,24,32,0.429,8,8,0
112793,Sam Crane,BUF,cranesa01,FALSE,1,1880,1880,24,58,0.293,7,7,0
112311,John Clapp,CNS,clappjo01,FALSE,1,1880,1880,21,59,0.263,8,8,0
123921,John Ward,PRO,wardjo01,TRUE,1,1880,1880,18,13,0.581,2,2,0
113475,Mike Dorgan,PRO,dorgami01,FALSE,1,1880,1880,26,12,0.684,2,2,0
118689,Mike McGeary,PRO,mcgeami01,FALSE,1,1880,1880,8,7,0.533,2,2,0
492616,Frank Bancroft,WOR,bancrfr99,FALSE,1,1880,1880,40,43,0.482,5,5,0
112311,John Clapp,BUF,clappjo01,FALSE,1,1879,1879,46,32,0.59,3,3,0
114245,Silver Flint,CHC,flintsi01,FALSE,1,1879,1879,5,12,0.294,4,4,0
118881,Cal McVey,CNR,mcveyca01,FALSE,2,1878,1879,71,51,0.582,2,5,0
124175,Deacon White,CNR,whitede01,TRUE,1,1879,1879,9,9,0.5,5,5,0
124597,George Wright,PRO,wrighge01,TRUE,1,1879,1879,59,25,0.702,1,1,0
116060,Bill Holbert,SYR,holbebi01,FALSE,1,1879,1879,0,1,0,7,7,0
118105,Jimmy Macullar,SYR,maculji01,FALSE,1,1879,1879,5,21,0.192,7,7,0
113475,Mike Dorgan,SYR,dorgami01,FALSE,1,1879,1879,17,26,0.395,7,7,0
492678,Horace Phillips,TRT,phillho99,FALSE,1,1879,1879,12,34,0.261,8,8,0
114069,Bob Ferguson,CHC,fergubo01,FALSE,1,1878,1878,30,30,0.5,4,4,0
112311,John Clapp,IBL,clappjo01,FALSE,1,1878,1878,24,36,0.4,5,5,0
112200,Jack Chapman,MLG,chapmja01,FALSE,1,1878,1878,15,45,0.25,6,6,0
122558,Al Spalding,CHC,spaldal01,TRUE,2,1876,1877,78,47,0.624,1,5,0
110074,Bob Addy,CNR,addybo01,FALSE,1,1877,1877,5,19,0.208,6,6,0
118245,Jack Manning,CNR,mannija01,FALSE,1,1877,1877,7,12,0.368,6,6,0
120577,Lip Pike,CNR,pikeli01,FALSE,1,1877,1877,3,11,0.214,6,6,0
114069,Bob Ferguson,HAR,fergubo01,FALSE,2,1876,1877,78,48,0.619,3,3,0
112200,Jack Chapman,LGR,chapmja01,FALSE,2,1876,1877,65,61,0.516,2,5,0
492664,George McManus,SBS,mcmange99,FALSE,2,1876,1877,34,34,0.5,2,4,0
0,Al Wright,ATH,wrighal99,FALSE,1,1876,1876,14,45,0.237,7,7,0
114995,Charlie Gould,CNR,gouldch01,FALSE,1,1876,1876,9,56,0.138,8,8,0
112795,Bill Craver,NYU,cravebi01,FALSE,1,1876,1876,21,35,0.375,6,6,0
0,Mase Graffen,SBS,graffma99,FALSE,1,1876,1876,39,17,0.696,2,2,0